,CANDIDATE_REF_NUM,UNIVERSITY,EDUCATION,LANGUAGES,SKILLS
0,791407,Unknown,Accounting,"Arabic,English,Arabic: Native language (Native proficiency).,English: Very good speaking, writing and reading (Upper intermediate proficiency).","Work well under pressure,Details oriented .,Social interaction,Mathematical reasoning .,Upper intermediate at Microsoft Office software"
1,682895,The Hashemite University,Finance and Banking sciences,"Arabic (Mother Language),English","Time Management,Microsoft Excel,Leadership,Problem-solving abilities,Communication skills"
2,736155,University of Jordan,Accountancy,"Arabic,English","Analytical skills and showing close attention to details.,Experienced in Microsoft word, PowerPoint, Excel and,Excellent communication and public speaking skills.,Problem-solving and decision- making abilities.,Strategic thinking capabilities.,Teamwork and interpersonal skills."
3,795993,Al al-Bayt University,Accountancy and Business Law,"Arabic,English","Computer and Microsoft Office skills (Word, Excel, Outlook, PowerPoint).,Communication skills - Excellent communication skills gained through my experience of working as a coordinator at a culture center with different backgrounds and cultures.,Flexibility in communicating with people- through my experience working in the service and tourism sectors,Organizational/managerial skills - Good organizational and evaluation skills gained through my experience in working in a culture center by organizing the events, workshops, and courses through organizing plans and organizing implementation, follow-up, and evaluation process.,Flexible. - Able to Operate Under Pressure. - Detail-oriented. - Quick Learner. - Able to Build Relationships. - Computer and Internet Skills. - Organizational Skills. - Multi-tasking"
4,407675,Hashemite university,BSc in Accounting,"Arabic,English","work under stress,Work in teams,Problem solving,Flexibility,Computer skills,Technical skills,Microsoft office"
5,442844,"Hashemite University,Greek Catholic Girls School",Accounting,"Arabic,English","Solving problem.,Attention to details.,Quick learning and hard working.,Dealing with the Internet and Social media.,Excellent communication skills and able to relate to people from all social backgrounds.,Time management.,Creativity and Adaptability.,Microsoft Office word,Microsoft Office Excel,quick books,CaseWare"
6,680475,Al-Balqa Applied University,English Language and Literature,"English,Arabic","Knowledge at English Language,English (Reading, Writing, and speaking) well,Arabic (Native),Quick learner and ability to work under pressure,Ability to work in a team and under pressure,Ability to handle multiple tasks"
7,803511,Al Balqa Applied University -,Accounting,"Arabic,English","Teamwork,Problem Solving,Time Management,Adaptability,Multitasking,Quick Learner,Microsoft Office,QuickBooks (Accounting Software),GIMA (Inventory System),JD Edward (ERP System),Oracle (ERP System),Microsoft Dynamics NAV (ERP System)"
8,897079,"Middle East University,",Accounting,"Arabic Language: Mother Tongue,English Language: Excellent level in speaking, listening, writing, and reading","Analytical as well as process oriented,Good accounting skills,Strong problem-solving skills,Detail-oriented and organized,Excellent communication skills,documentation skills, research and resolution skills, data analysis and multi-tasking skills,Strong Knowledge of Canias ERP systems (www.canias.com),Strong Knowledge of Focus ERP systems"
9,410335,"Mutah University,",Accounting,Unknown,"Have the ability to communicate clearly and concisely,Good Communication skills,Able to work under pressure,Self-motivated and fast learner,Extensive knowledge on the use of the Microsoft Based Applications (Word, Excel, PowerPoint),Flexible and can carry task in an efficient manner"
10,803190,"Istanbul Aydin University.,The Hashemite University.,Al-Salt Academy School.",Accounting,"Arabic,English,Turkish","The ability to use your own initiative.,Analytical thinking and attention to detail.,The ability to work effectively on your own and as part of a team. Strong,ethical standards and high levels of integrity.,The ability to think objectively and demonstrate sound judgement. Excellent,critical thinking and problem-solving skills."
11,902688,Al-Ahliyya Amman University,Accounting,"Arabic, Native,English, Fluent,Spanish, Conversational","General ledger skills,Computer skills,Accounting skills,Accounting techniques,Calculations,Budgeting skills,Cash flow management,Balance reconciliation,Mathematics,Data processing,.,Cost analysis,Cost reduction,Accounting standards,Financial management skills"
12,797139,JORDANIAN UNIVERSITY,Industrial Engineering,"Arabic (Mother tongue).,English (Excellent speaking and writing).","Excellent skills in Microsoft (Excel, Word and PowerPoint).,Excellent skills in design and modeling software such as, AutoCAD, Rockwell Arena and Creo,Good skill in statistical analysis tools such as Minitab and SPSS,Time management and follow up skills.,Written and verbal communication, presentation and analytical skills.,Persistent, hardworking and a strong ability to learn."
13,499842,"University of Jordan.,University of Jordan","Industrial Engineering,BSc in Industrial Engineering",English,"Experienced in using data analysis & visualization tools: SAS Visual Analytics, SAS EG & Power BI.,Experienced in utilizing MS Office programs. Excel, Word, PowerPoint & Outlook.,Skilled in analyzing & visualizing data.,Effective communication, organizational & administrative abilities.,Excellent interpersonal skills, confidential, easy going personality & excellence commitment in addition to fluency in English (Written & Spoken)."
14,485815,Al-Balqa Applied University,Industrial Enginerring,"Arabic: (Native Language),English: (Fluent)","Comunication,Team Work"
15,679675,Mutah University,English language and literature,"English,Arabic.,English.,French,Arabic,English,french","Strong presentation and communication skills.,Excellent communication, writing skills in English, including the ability to successfully manage and deliver highly technical reports.,Energetic and high social personality.,Excellent organizational skills.,Experience in facilitating, chairing meetings and workshops.,Self-motivated and able to work both independently and as part of an active team.,Management experience: high leadership, problem solving, project management skills and strategic decision making.,Demonstrated experience in project management, implementation and staff supervision.,Excellent experience with international organization and projects.,Hard worker and able to perform under pressure.,Computer skills (GIS, Word, Excel, Power point).,Computer skills (outlook, basic system).,Hard working,Punctual,Active,Loyal to work,-Ability to work in groups,Work under pressure,Good Research Abilities,Self Motivated,Good communications with people,Reading books.,Writing novels.,Surfing the internet.,Drama, both acting and directing.,Regular volunteer at a local center for the homeless.,Microsoft excel: very good,word excellent,Outlook good"
16,901202,School of Business - Al Ahliyya University Jordan,Marketing,Unknown,"Provide guidance,Sales,Public relations,Communication,Microsoft Office,Social media,Marketing,Public Relations,Portfolio Mangement,Investment Development,Freelancing,Trading in Currencies and Indices.,Doing short-term and long-term market analysis.,Convincing clients to manage their portfolios and giving them a clear expectations and signals about the markets."
17,493576,University of Jordan,Industrial Engineering,"Arabic,English","Working on the Integrated Management System (IMS): ISO 9001:2015, ISO 14001, and ISO 22001.,Completing research and consultancy tasks on projects to time and budget.,Assist the senior consultant in coordinating fieldwork for assignments.,Conducting desk research, data collection and analysis.,Drawing flow charts and data flow diagrams."
18,886518,Yarmouk University,Accounting,"Arabic (native),English (Professional)","Accounting,Auditing,Customer Service,Sales Retail,Problem Solving,Research and Development,Project Management,Time management (accurate compliance with deadline),Communication (verbal & written),Managing relationships/networking,Planning & organization,Ability to analyst issues & find solutions,Ability to adapt to changing work (systems & rules),Ability to prioritize,Self-motivation,Team work,Detail-oriented,Flexibility,Energy,Creativity,Microsoft (SQL, excel advance, power point, word, one drive, Desk pro & Outlook) System (SAP, Beeline, IQN, Pro wand, ERP, Bullhorn, Jira, Simplify, Work day)"
19,469381,"University of Jordan,University of Jordan",Business Information System,"Arabic: Native Language,English: Reading, writing, speaking. < Good>","Excellent in dealing in computer programs,Very good knowledge of computer maintenance"
20,604098,"University of Jordan,Al Balqa applied University,Al-Umariah School","finance,Finance,Accounting Information System","Arabic,English","Bank Account Reconciliation,Reporting Analysis,General ledger entry and,Advanced Excel ability,maintenance,Attention to details,Corporate Finance,Financial Analysis,Knowledge of trade credit terms,SAP S/4HANA,Awareness of cash conversion cycle,Invoicing & Book Keeping,Accrual Accounting"
21,682017,IBalqa Applied University,Information Systems,"Arabic,English","Management Skills,Social communication - group work - individual work - how to withstand work pressure.,Communication Skills"
22,889751,The University of Jordan - Amman,Accountancy: Accounting,"Arabic,English","Account management and updating,Very Good,Account reconciliations knowledge,Very Good,Team Work Skills,Very Good,Critical Thinking,Problem Solving,Decision Making"
23,679448,University of Petra,Accounting,Unknown,"Hard work Persistence,Leadership Achievement-oriented,Online buying and selling,Delivery"
24,471957,Hashimate University(in JORDAN)*,"Bachelor in Computer science, 2020","Average level in English, both writing and speaking,Fluent in Arabic, both writing and speaking","Computer skills (technically),Working with servers, VPN, and Virtual machines,Efficient both individually or within teams,Can use time productively,Ability to demonstrate courtesy and helpfulness in dealing with staff,Punctual"
25,796929,"Philadelphia university,Arab community college",financing and banking,"Arabic: excellent (native language),English: excellent (reading, speaking & writing)","Microsoft office Processing,Soft Presentation,Outlook Express,Spread Sheet,Excel Analysis,Database Management (Finn one/SAP/Bwise),Financial Analysis Tools,Statistical Tools,Internet"
26,903164,University of Jordan,Accounting,Unknown,Unknown
27,684003,Albalqaa applied university amman college,finance and banking,Very good in English,"good communication,Self motivated,Flexibility,Very good in Microsoft Office,Very good in accounting / mathematics quantitative analysis,Multitasks Patience"
28,682066,جامعة مؤتة,محاسبة,Unknown,اجيد استخدام الحاسوب
29,792400,WORLD ISLAMIC SCIENCES & EDUCATION University,FINANCE AND BANKING,Unknown,"THE ABILITY TO SOLVE PROBLEMS IN THE ACCOUNTS COMPUTER SKILLS (WORD, EXCEL, POWER POINT) DATA ENTRY TEAMWORK,DISCLOSURE OF COUNTERFEITING,COMMUNICATION SKILLS USING LANGUAGE PROGRAMMING,BANK CARDS AND ELECTRONIC BANKING SERVICES,RISK BASED AUDIT"
30,684445,University of Jordan,Finance,"Arabic,English","Transaction processing,Excellent customer-service skills,Supporting operations,Self-help skills development,Microsoft applications skills,Documentation and reporting,Proficient in Banks, Smart Vista,MEPS admin, IBS, A2A midlleware, A2A connecting systems"
31,897370,Hashemite University-Jordan,Accounting,"Arabic,English","Time Management skills,Excellent,Computer Skills,Excellent,Highly motivated, energetic & enthusiastic,Excellent,Teamwork,Data Entry Skills,Ability to work under pressure,Quick learner, keen to learn & improve skills,Communication skills"
32,441354,Unknown,Bachelor of Accounting,English Language good and Arab is a very good,"Communication skills, and time management skills and Excellent interpersonal, negotiation skills. And presentation skills and solving a problems skills, and data entry skills, and The emotional intelligence skills, and Check of fake,The computer: Very good perfected computer programs Microsoft Office Word, Microsoft Office PowerPoint, Microsoft Office Ms excel, T24 system global Bank.,money skills"
33,796913,Al-albayt University,"Financial and Banking Information System,",Unknown,"Exceptional communication and dialogue skills.,The ability to work under pressure and multi-task.,The ability to follow instructions and deliver quality results.,Successful working in a team environment, as well as independently."
34,412421,Mutah University,Business Administration,"Arabic: Mother tongue,English: good command in Reading, Writing and speaking","Confident.,Organized by nature.,Ambitious.,Punctual, pay attention to details.,Like being honest and straightforward.,Reliable.,Motivated because I enjoy what I do.,Perform well under pressure, and really good multitasking.,Effective Communication Skills.,Emotional Intelligence.,Teamwork: enjoy working in both team environments and independently.,Microsoft office (Word, Excel, Outlook & PowerPoint)."
35,678012,"Zarqa University,Zarqa University","Accounting,Accounting","Arabic language: my mother tongue.,English language: reading and writing (excellent) Speaking very good).",Unknown
36,679178,"Al al ? bayt University,,Greek Catholic School,",Accounting,Unknown,"I have a limited experience in Sales Department/marketing and IT/Project Management and service management. I worked in both commercial and government sector. I keen to learn and quickly to adapt different working environment.,Expanded business along with the respective market share for the firm.,Determine quantity and timing of deliveries.,Monitor and forecast upcoming levels of demand.,Partner with stakeholders to ensure clear requirements documentation.,Forecast price and market trends to identify changes of balance in buyer-supplier power.,Preparing financial invoices.,Managing expense and reimbursement reports.,Preparing the financial statements.,Preparing monthly and annual statements of accounts.,To inquire about potential clients and analyse risks when granting a loan.,Giving the potential customer a comprehensive idea of the products offered by the company and their conditions.,If the required conditions are met the loan process will be granted.,Project Management,Operations Management,Writing reports,Back Office and Sales Coordinator ""Sales Department/marketing"""
37,566521,Al-Balqa Applied University,Engineering,"Arabic,English","Project Management,Computer Skills,communication,Decision Making,Engineering,Management,Technical Writing"
38,878439,Yarmouk University / Hijjawi College of Engineering Technology,Computer Engineering,"Arabic,Einglish","The Ability To Work Under Pressure,Ability To Work In A Team Spirit,Ability To Solve Problem,Power Of Persua- sion,Scout Skills (Scout Leader)"
39,528259,Philadelphia University,Accounting,"English,Arabic","Working under pressure and learn fast.,Focused and hardworking.,Punctual and trustworthy.,Meticulous and organized.,Friendly and enthusiastic.,Microsoft Office: Good,Computer & Internet: Good"
40,681453,Hashemite University,Risk Management and Insurance,"Arabic: Native,English: good writing ang speaking","Microsoft Office (Word, Excel, PowerPoint).,Honest, reliable, with good record for timekeeping and attendance.,Able to work effectively in a team or alone without supervision.,Able to work under pressure and meet the deadlines.,fast learner and grasp knowledge quickly.,Strong communication and organizational skills."
41,460988,Yarmouk University,Accounting and Management,"ARABIC Native Language,ENGLISH Very Good","Quick Learner,Teamwork Skills,Good Organization,Problem Solving,Microsoft Office,Able to understand standard accounting entries.,Able to work under pressure.,Able to adapt in the work enviroment.,Attention to detail.,Good behavior in difficult situations.,Self motivation for learning and time management."
42,425169,Yarmouk University.,Banking and financial sciences,"Arabic,English","Excellent communication skills.,-Enthusiastic, team worker, initiative, able to work under pressure.,-Computer literate and master Microsoft office and Internet. Besides typing,-Fast learner.,-Time management.,-problem solving."
43,784446,"UNIVERSITY OF JORDAN,INSTITUTE OF BANKING STUDIES",Islamic Banking,"ENGLISH,ARABIC","COMPLEX PROBLEM SOLVER,EFFICIENCY,STRONG DECISION MAKER,INNOVATIVE, SERVICE-FOCUSED"
44,886532,"Yarmouk University,Yarmouk University,Alzahraa Secondary school","Accounting,Accounting","Arabic,English","Team working,Good Communication Skills,Well organized, quick learner,Confident, friendly and honest,Patient and able to deal with different personalities"
45,678236,"The Hashemite University,Zarqa,Jordan",Accounting and Commercial Law,"Arabic Mother Language ,Excellent,English Very good reading, Very good writing, very listening, good speaking.","Good communication skills written and oral skills.,Excellent conceptual and analytical skills.,Effective interpersonal and leadership skills.,Creative Thinking, Productivity.,Analyzing Issues, Decision Making, Project Management."
46,602460,University Of Jordan,Accounting,"Arabic,English","Good user of Microsoft Office (Excel, Word, PowerPoint and Outlook),Case ware software (Audit program),Excellent communication skills,Ability to work within a team and cope well under pressure"
47,890758,The Hashemite University,Industrial Engineering,"Arabic,English","Budget planning,Documentation,Mathematics proficiency,Multitask and Team work"
48,680928,"Yarmouk Univeritsy-irbid,Yarmouk Univeritsy-irbid","Business Administration,Public Administration","ARABE: Excellent,Turkish : good,English: very good","Good communication written and oral skills.,Excellent conceptual and analytical skills.,Effective interpersonal skills.,Customer-oriented.,Highly adaptable, and able to pick up new systems quickly and efficiently.,Time management skills.,Able to work to deadlines and under pressure."
49,408646,The Hashemite University,Finance and Banking Science,"Arabic, Fluent,English, Excellent","Communication,Adaptability,Time Management,Self Management,Team Work,Punctuality,Well-Organized,Problem Solving"
50,422330,Al-Balqa Applied University (Amman University College),Banking and Financial Sciences,"Arabic (Mother Language),Good command of English (reading, writing, and speaking)","Microsoft Office Excellent & Internet and E-mail Knowledge.,Computer Driving Skills .,Microsoft Office Package (MS Word, MS Excel, MS PowerPoint ...).,Printing in English and Arabic,Soft skills certification from Darb 1 summer training program,Contact with people and dealers.,Listen to people with focus skill.,Time Management .,Work under pressure.,Convince the customer of loyalty products,Handing a high volume of in-bound calls and greet customers in a courteous and professional manner.,Assess and evaluate customer concerns and resolve their problems in an efficient and timely manner.,Provide product and service information to our customers.,Promote products and services by understanding customer needs and interest and providing them with the right offers that match those needs.,Troubleshoot service equipment issues,Adhere to, and fulfill, individual and team Performance Metrics."
51,800303,"Amman Al-Ahliya University, (Balqa - Jordan).,Intermediate University College",Accounting,"Arabic: Mother language.,English: Good Command in both reading and writing.","Preparing the chart of accounts in accordance with the nature of the company and identifying cost centers,Preparing strategic plans, budgets and financial forecasts.,Achieving an appropriate mix of equity and debt to reduce cost and maximize operating profit.,Develop a strategy on money purchases through banks and other financial institutions.,Coordination with banks in all transactions,Develop and update the accounting, financial and administrative policies and procedures.,Effective cash flow management.,Monitoring budgets and comparing them with actual cost and revenues related to production, marketing and capital.,International Financial Reporting Standards (IFRS),Preparing accurate financial reports for a specific deadline and preparing a daily cash flow statement.,Monitoring the concession contract, royalty contract, sponsorship deals and lease contracts.,Compare budget with performance and work plan, and analyze variances.,Compare the budget with the historical trend.,Monitoring the fixed asset registration system and depreciation account,Follow-up tax matters (income/sales). . Social Security Account Monitoring,Control of the aging report and the collection of accounts receivable,Monitoring payments and payable account receivables.,Negotiation and decision-making skills.,Supervisory skills & providing training to new and existing employees as needed,Problem solving skills.,Accounting,Account Reconciliation,Accounts Payable,Accounts Receivable (AR),Accruals,Analysis,Analytical Skills,Auditing,Bank Reconciliation,Banking,Budgeting,Business Communications,Finance,Financial Accounting,Financial Analysis,Financial Audits,Financial Modeling,Financial Planning,Financial Regulation,Financial Reporting,Financial Services,Financial Statement Analysis,Fixed Assets,Forecasting,Internal Audit,Internal Controls,International Finance,International Financial Reporting Standards (IFRS),International Relations,Investment Valuation,Investments,Payroll,ERP Software,Microsoft Exc"
52,811315,"Hashemite University,Patriarchate National College",banking and finance,"Arabic: Native speaker,English: Very Good in reading and writing, good in speaking",Unknown
53,904328,Al-Balaqa Applied University,Communication systems and Networking,"Arabic: Mother Language,English: Good at reading, writing and speaking","Hard working with self-learning abilities, Responsible, specialized in networking and communication systems, Outgoing and detail-oriented, proficient at team work and building and maintaining professional relationships,CISCO Packet Tracer Adobe Collection Software and Hardware Maintenance,Microsoft Office Data Entry Social Media"
54,410547,"Princess Sumaya University for Technology (PSUT),",Accounting,"Arabic: Native,English: Excellent in both Oral and Written skills,French: Intermediate in oral","A very good team player and social person as I used to be a student council member in the year 2013-2014,Still an active social member as I am an elected member in the social committee in INVESTBANK,Accounting Applications on Quick Books,Web design on CS5, Princess Sumaya University for Technology,Exceptional listener and communicator who effectively conveys information verbally and in writing,Flexible team player who thrives in environments requiring ability to effectively prioritize and juggle multiple current projects,Innovative problem-solver who can generate workable solutions and resolve complaints,Proficient in using Microsoft office specially Excel, word and outlook"
55,677666,Applied Science University,Accounting Bachelors Degree,"English Excellent,Arabic - Native Speaker","Preparing detail report on different findings.,Analysing and examining financial status of the company.,Inspecting if any fraud is practiced.,Recommending improvements in the financial status.,Investigating the inventory and records.,Preparing guidelines to prevent fraud.,Maintaining good relationship with public.,Understanding the corporate and government policies.,Ensure day to day activities of clients.,Training the new auditors.,Visited sites and examined internal process and controls.,Performed quarterly and annual financial reviews as requested by clients.,Involved with the audit and accounting of following:,Teamwork: Coordinated discussions for various assignments and projects at the University, usually within a group of nine people which demanded good listening, and communication skills.,Time Management: Strong ability to work under pressure individually. Effective in organization and meeting deadlines. Excellent Planning & time management ability.,Communication: Well-developed oral communication skills through presentations, sharing knowledge, convincing, motivating and persuading others. Excellent communication skills.,IT: Extensive knowledge in all aspects of applications for Microsoft office, including PowerPoint, Excel, Access, Word, E-mail and Internet."
56,414127,University of Jordan,Unknown,"Arabic native,English advanced","Good communication,Problem solving,Strong multitasking abilities,Networking,collaboration,working under pressure"
57,797101,Al-Balqa Applied University,Accounting Information System (AIS),"Arabic,English","Excellent Computer Literacy: MS Word, Excel, Outlook, Power Point and more.,Able to perform multitask effectively.,Time Management & scheduling.,Reporting skills,Excellent written and verbal communication skills,Ability to work independently or as a part of a team.,Proven leadership skills and ability to motivate.,Excellent business development skills.,Serving as a positive role model and motivating others and generating enthusiasm.,Self-development, including ability to grow personally and professionally from self-motivated efforts and positive responsiveness to constructive criticism.,Ability to listen, initiate and drive creativity.,Ability to work under pressure.,Ability to learn quickly and easily."
58,407534,Zarqa University,"Business Administration,Business Administration,Business Administration","English,Arabic","Ability to speak, read, and writing in both English and Arabic languages.,Highly committed and dedicated with positive attitude.,Success and results willingness to learn.,Organized and multitask.,Excellent marketing / communication / interpersonal skills.,Capable of working under pressure, whether in a team or independently.,Focused with strong attention to details.,Familiar with Microsoft Office / word / Excel."
59,678347,Al-Yarmouk university,Accounting,"English,Arabic","Microsoft Excel,Microsoft Office,Good dealing skill with wholesalers and retailers,Management Skills,Quickbooks"
60,905061,Unknown,Unknown,"Arabe,Anglais,Fran?ais,Allemand,Espagnol","Entrepreneurship,Project Editing,Accounting"
61,410481,Unknown,Accounting,"English,Arabic","MS-Office,Accounting,Software,Advanced,Excel,HR,Software,Prepare tax returns, payments, necessary paperwork, and reports.,Assess and research difficult tax issues to identify solutions.,Manage and maintain the companys tax database.,Determine tax savings and recommend strategies to improve profits.,follow up and match inventory,Creating excel files for depreciation of corporate assets.,General ledger.,Matching for all types of funds such as (Cash, Bank) and weekly cash management.,Matching the accounts payable and receivable and following up the uncollected.,Computing taxes owed, preparing tax returns and ensuring compliance with the payments,Preparing and checking monthly employee payroll, social security and insurance.,Advanced in negotiation with external auditors and tax estimators.,Dealing and cooperating with other departments such as IT, HR and sales to implement law requirements,Preparing financial analysis & statements and supporting in making decisions with direct manager."
62,793122,Unknown,Unknown,"Arabic (mother tongue), English (proficient)","Payroll & Compensation,Internal Journal Auditing Vouchers,Online Banking,Accounts payable & receivable,Trial Balance Balance Sheet Fixed Asset Reconciliation,Financial Correspondence"
63,794721,"Great Basin College -,Suffolk County Community College -","Management And Supervision,Business Administration",Unknown,"Business Management,Relationship building,Maintenance & Repair,Customer service,Communication,Teamwork,Computer proficiency,Helped customers complete purchases, locate items and join reward programs,Answered questions about store policies and addressed customer concerns"
64,872691,Princess Sumaya University for Technology,Computer Software Engineering,Unknown,"Leadership,Critical Thinking,Product Management,Project Management,Management,Coaching,Teamwork,Process Engineering,Six Sigma Green Belt,Process Excellence"
65,803247,Yarmouk University,Telecommunication Engineering,Unknown,"Supply Chain Management System (SCM),Revenue Trigger Using ERP-PC System,Billing Trigger Using CFS, SSDM & CCM- DC systems.,Risk Management using i-Risk System,. Internal invoices auditor.,Leadership and Organizational Skills.,Ability to think strategically and to translate my thoughts into comprehensive plans.,Excellent Communication, Presentation, and Reporting skills."
66,790159,Applied Science Private University -,ACCOUNTING,"AR,EN","Work Under Pressure,Team Worker,Critical Analysis,Self Time Management -,Problems Solving,Ms Office Products"
67,797586,Al Al-Bayt University,Banking and Finance Science,"Arabic Native Language.,good in English.","Excellent presentation skills.,Excellent interpersonal and communications skills.,Excellent conflict resolution skills.,Excellent time management ability and great business ethics.,Ability to work under pressure, and excellent time management.,Ability to learn- creative - sociable.,Good in Microsoft office package."
68,680920,Hashemite University of Jordan,Industrial Engineering,Unknown,"Communication,leadership and planning,Teamwork,Problem-solving,Time management,Stress management,Microsoft office (word, excel, PowerPoint, project, visio),Minitab,SPSS,AutoCAD,Adobe photoshop"
69,790237,Al Mustansirya University - Republic of Iraq,Civil Engineering,"Arabic: Native Speaker,English: Good Command,German: Level B1.1","? Quality Assurance ? Process Improvement ? Quality and Process Audits,ERP System Operations and Business Logic,ISO and Quality management Related standards,Primavera Certificate from JEA/Engineers Training Center,AutoCAD Certificate from JEA/Engineers Training Center,Computer Aided Structural Design using Prokon Certificate from JEA/Engineers Training Center,Microsoft Office,Highly skilful in using Internet for Data collection and research,ERP Systems"
70,517051,Hashemite University,Accounting and Commercial Law,"English,Arabic","Involved in Jordan market to help companies to preparing its annual budgets preparation & to provide budget for borrowing secured loans assists the family business to lower its operating costs of the entities a. created various models and analytical tools to facilitate variance analysis using advanced function of excel.,Cash Management.,Formulation of the Groups financial policies in consultation with the Group statement.,Coordinate the activities of Finance Director and Preparation and presentation of monthly consolidated financial statements,Maintain financial records for each,Reviewing and monitoring the Groups investment in a manner that facilitates financial performance against laid down Management reports.,Train and mentor the accounting staff and,Perform investment and divestment evaluate appraisals for Group Chief Investment,Preparation and review of the groups management annual their performance for annual accounts, quarterly, half year and year these are adhered to by the Group.,Annual budgets.,Prepare and review journal entries and account analysis.,Manages monthly accounting close cycle.,Preparing financial statement and daily transaction, auditing payroll and bank reconciliation.,Preparing profit & loss account (Revenue & Expanses).,Following income tax department and seals tax.,daily accounts entries and bank reconciliation,Microsoft Excel"
71,410218,University of Jordan,Business Information Systems,Unknown,"Financial Reporting & Analysis,Microsoft Excel,ERP Systems,Communication Skills,Analytical Skills"
72,800122,Irbid National University,B.A Degree in Accounting,"Arabic,English","Hard Working,Team Work,Social Media,Time management"
73,684650,Yarmouk University,ACCOUNTING,Unknown,"Excellent communication skills and peoples person,Knowledge of legal rules and labor laws of the country of hire,Extensive knowledge of HRIS,Ready to work in a distributed work environment and manage remote teams"
74,767499,"New Hampshire University,,New Hampshire University, USA,Yarmouk University, Jordan","Accounting & Finance,Economics and Management Sciences Major in Accounting, Minor in Financial and Banking Sciences","English,Arabic",Running Long run Reading Accounting / Audit article Learning Always eager for academic studies on branding
75,892891,"Luminus Technical University College (LTUC),",Electromechanical engineering,English,"computer skills (Microsoft Word, Excel, Power Point, Outlook Express),Marketing,Communication Skills,Teamwork,Organization,Data Analysis,Mathematics,Problem Solving,Flexibility"
76,810417,The Hashemite University,International Business Administration,"Arabic,English","Excellent Communication skills; demonstrated ability to communicate effectively with team members.,? Ability to manage multiple tasks efficiently."
77,792391,"Amman university,AL-Zobaidia School",management information system (MIS),"Arabic: mother tongue.,English: Reading, Writing and Conversation","Microsoft office word Excellent.,Microsoft office PowerPoint Excellent.,Microsoft office excel Excellent.,Microsoft office access Excellent.,Internet & web serving.,Social media.,Team playing and effective Communication skills. Effectively dealing with problems. Planning, scheduling & organizing& fast learning. Ability to work under pressure"
78,802915,"Applied Science University, Amman, Jordan",Bachelor of Science in Industrial Engineering - Management,"English, Arabic","Microsoft Office: Excel, Word, Access, PowerPoint and Outlook.,Engineering Programs: MAT lab, Pro Engineer, Visio and AutoCAD."
79,806884,"Al-Zaytoonah University of Jordan,",Communications and Computer,"Arabic,English,Arabic, mother tongue,English, fair","Operates MS Office efficiently (Excel, Word),Operates Adobe Illustrator and Photoshop, beginner level,Typewriting, Arabic and English,Ability to work under pressure and meet tight deadlines,Good communications skills,Flexible and adaptable,Team worker,Fast learner,Improved multitasking skills"
80,417955,"University of Jordan, 2007",Business Information,"Arabic and English Languages, 2018,Multi Arabic & English","-Forensic, Operational, Compliance, IT & Financial Auditing,-Researcher/Feasibility study,-Internal Control Frameworks (Coso),-Operational Risk Analysis,-Risk Control & Internal Audit Advisory,-Process Re-engineering,-Due diligence process Technique,-Quality Assurance,-International Financial Reporting,-Insightful Management Reporting,-People Manager- High-Impact Leader,-Sap/QuickBooks user,- Advanced Excel & MS Office Expert,-Quality Customer Service (1) rated"
81,758329,AlBalqa Applied University,Unknown,"Arabic (Mother tongue),English,Reading: Very good,Writing: Very good,Listening: Very good","Can work with a team sprit,Experience of dealing with emotional and stressful situations.,Can motivate others through effective communication skills.,Able to deal with hostility in the form of verbal and physical aggression.,Fully aware of fire, health & safety, and other departmental policies.,Flexibility to work weekends on rotational basis"
82,883041,University of Jordan,Finance,"Arabic,English",Unknown
83,679093,"The Hashemite University,Prince Mohammad Secondary School",FINANCIAL ECONOMICS,"Arabic,English,Spanish,Italian","Organization,Teamwork,Creativity,Time Management,Public Speaking"
84,742436,Princess Sumaya University for Technology,accounting,"Arabic,English","Organization,Time management,Adaptability,Communication,Teamwork,Able to work under pressure,Excel,PowerPoint,Word,QuickBooks"
85,412414,"Al Balqa Applied University,",Accounting,"English,Arabic,",Unknown
86,796851,"Al Al-Bayt University,",Actuarial science,Unknown,"Underwriting and analytical skills, sales and marketing knowledge, and technical skills exhibited Efficient supervisor, planner, organizer, and manager of time, projects, and professional peers. Analyzed all lines of business to determine acceptability and to control, restrict, or decline, Kept current with changing policies, rates, and procedures, explaining coverage, rules, forms, and decisions to agents, staff, and insured.,Advise, provide support and training for all team members.,Review corporate financial data and participate in audits,Attending brokers/Cedants visits (ordinarily UK and MENA) to grow relationships and maximize accounts.,Attending surveys to assess and understand the risk.,Applying appropriate pricing and cover/terms.,Effective communication skills, main point of contact and appointed to deliver policy changes to teams on a regular basis.,Excellent numerical skills and attention to detail. Appointed to carry out monthly audit checks.,Analyze data and produce monthly reports for top management team.,Renew company treaty by secure the lead terms form treaty leader and complete the full program with the reinsurers."
87,890564,Unknown,Business Administration,"Arabic,English","Microsoft office (word, excel, power point, email),Adobe Photoshop, adobe premiere.,Good communication skills.,Responsible.,Working under pressure.,Flexibility and adaptability.,The ability to adjust with the different circumstances of the job."
88,410146,"Al-Ahliyya Amman University,Al-Ahliyya Amman University,","accounting,accounting","Arabic (Native) Reading, Writing, Listening,English (Excellent) Reading, Writing, Listening.","Audit,Accounting Expertise,Presentation Skills,Problem Solver and Analytical Thinker,Fraud Examinations,Investigations,Communication Skills,Effective Team leader,Work in teams,Fraud Prevention and Deterrence,Reconcile balance sheet accounts,Collaborate with the finance team on yearly forecasting efforts,Support the payment processing team,Perform credit checks,Assist with data entry"
89,679106,"University of Banking & Financial Sciences,Al-Balqa Applied University.","Banking & Financial Sciences,Planning",Unknown,"Interaction with team members at all levels of the organization professionally background in statistics. Good knowledge in Feasibility study and project assessment (NPV, IRR, payback period....Etc) Experience in research, collecting and analyzing data and Good,Using an appropriate and creative methodology to design and manage a research project - may involve the use of quantitative and/or qualitative methods. Applying a variety of research techniques to gather relevant information, including document analysis, surveys, case studies and interviews Collecting and analyzing data using a variety of computer software packages to organize the data, which they present in writing or orally.,General experience in Microsoft Applications including WinWord, Win Excel and PowerPoint The ability to work irregular hours and extended shifts, including late nights, early mornings, weekends, and holidays.,Social, like training and dealing with people, have the ability to learn quickly and to work hard, Enthusiastic, alert, responsible, Strong personality, self integrity, Confident, Having the sense of mission, Ability for commitment from 3-5 years minimum."
90,684406,University of Al Abayt,English literature and languages,"Arabic (Fluent),English (Excellent),French (Basic)","Work with teams,Attention to details,Analytical thinking,Effective searching,Data collection,Adaptation,Time management,People management,Quality extra tasks,APCT analysis.,CSAT analysis."
91,680449,"Zarqa University,Applied Science University,Ministry of Education",Health Care Organizations Management,"Arabic,English,Turkish,Arabic,English,Turkish",Unknown
92,802423,"Yarmouk University, Irbid,Yarmouk University, Irbid","Masters in Business Adminstration,Bachelor Degree in Accounting","English,Arabic",Microsoft office & Outlook
93,681698,"Amman ArabUniversity (AAU).,The World Islamic Sciences& EducationUniversity (WISE).","InFinance,BankingAndFinance","English: Good Reading, Writing & speaking.,Arabic: Native language.","Microsoft office very good at (World, Excel, Power point)."
94,402697,Yarmouk university,Bachelor of accounting,Unknown,"Ability to deal with excel, word, power point, quick books.,Ability to deal with numbers, ratios, and data analysis.,Ability to work under pressure .,Ability to deal with customers.,Valid Driving license."
95,579946,"Al-Balqa Applied University,,Al-Balqa applied university",accounting,"Arabic: Mother language,English Very good)","Excellent Communication Skills.,Excellent Computer Skills, Software & Hardware,Ability to work under pressure and within a team.,High skills in MS Office.,- Enthusiasm in Learning.,-Time Management Skills"
96,904556,Philadelphia university,Unknown,Unknown,"Active Listening,Creativity,Microsoft Office,Teamwork,Communication"
97,672103,"University of Jordan,",Computer Information Systems,Unknown,"Office Suite, JAVA, C++, Python, Customer Service, Writing and Editorial skills, Leadership skills, Strong administrative and organizational skills, Eager to learn."
98,522177,"Al-Balqa applied university,Albaraa ben malek school","Bachelor Degree in Accounting,Information technology",English,"Very good command of English language, spoken and written,Proficient in Word & Excel.,Able to handle and manage work load efficiently.,Excellent interpersonal and organizational skills,Accurate and detail-oriented."
99,684575,University of Jordan,Industrial Engineering,"Arabic: native language,English: very good","Learned about, ISO 9001 requirements, giving recommendations for each department and its responsibilities.,Learned about Balanced Scorecard.,Writing standard operating procedures (SOPs).,Making Flow charts for (SOPs).,Procedures Audit. Writing manual (user guide) for companys system.,Preparing Forms for the records which are found in SOPS,Leadership Skill,Effective Decision Making Skill,Ability to work under pressure,Having socialization, and communication skills.,Problem-solving skills.,Analytical thinking skills."
100,800388,Unknown,Unknown,"English,Arabic","Financial reporting,photography,Tracking,Customer service,Mathematic,Financial Accounting,HTML,Leadership development,Data analysis,Statutory reporting"
101,411480,"University Of Jordan,",Actuarial Science,Arabic and English,"Microsoft Dynamics NAV,SPSS (Statistical Package for Social Studies),Microsoft Excel (Advance),Omega (Financial Software / Inventory Management),Minitab program,Microsoft Office and Internet Applications,QuickBooks"
102,402260,"Al-Balqa Applied University Faculty of Engineering Technology (FET) polytechnic,Al-Quds college","Electrical, Electronics and Communications Engineering,Electrical, Electronics and Communications Engineering",Unknown,"Learning,Teamwork,Leadership,Communication"
103,893055,Girne American university,industrial engineering,Unknown,Unknown
104,886559,"World Islamic Education & Science University,Al Khwarizmi College,Al-Fateh School",Accounting,Bilingual (Arabic and English),"Customer Service,IT Skills,Windows,Networks,Microsoft Office,Databases,Tally,NetSuite,Oracle,time-management,organization,problem-solver"
105,677825,The Hashemite,Risk management and insurance,"Arabic - Excellent,English - Good","Communication skills. Organizing & Leading Skills. Advanced MS Excel, MS Word, MS PowerPoint MS Outlook. Team Work Ability.,Can work under stress and multitasking environment.,Leadership quality.,Continuous Improvement.,Performance & Result Oriented."
106,403839,"QUDS COLLEGE, AMMAN - JORDAN,LATIN PATRIARCHATE HIGH SCHOOL","Accounting,ACCOUNTANT AND AUDITING",English,"Responding Quickly, Responsibly And Pragmatically To Situation That Require Immediate Attention, Focus And Action.,Excellent Listening and Verbal Communication Skills.,Willingness to Work as a Team Member.,Ability to Work Long Hours, Often Under Pressure.,Ability to Follow Up With Clients in a Timely Professional Manner.,Handling Difficult and Aggressive Customers in a Professional Manner"
107,405774,Princess Sumaya University for Science and Technology,Business Information Technology,"Arabic: Mother tongue,? English: High Intermediate","Short time learning ability.,IT skills with proficiency in the use of Microsoft Office, Word, Powerpoint and Excel."
108,683061,Yarmouk University,Accounting,"Arabic,English","Ability to work under pressure.,Team work.,Good Time Managing.,Adaptability.,Great Interpersonal Communication.,Financial Analysis by using the financial ratios and making links between the financial figures.,Preparing financial statements, and then evaluate the firm performance though profitability, liquidity, solvency, and market value ratios.,Self Motivation.,Decision Maker.,Conflict Resolutions.,Quick Learner.,Responsible.,Strong Analytical."
109,607919,The Hashemite University,Industrial Engineering,"Arabic (Mother language): Native or bilingual proficiency.,English: Full professional proficiency.","Analytical skills, Communication skills, Team work, Fast learning, Accuracy and organizational skills, Problem solving and Time management.,Microsoft Office, Microsoft Excel, Arena (simulation), Minitab and AutoCAD."
110,852353,The University of Jordan.,Public Administration,"English: Very Good.,Arabic mother tongue.","Strong Communication Skills.,Task Oriented.,Flexible, Self-Motivated.,Self-Learner."
111,796866,Al-Zaytoonah University of Jordan,Finance & Banking,"English,Arabic","MS Office Applications and ERP Systems,E-Commerce businesses and Internet browsing.,Troubleshooting experience in IT-related related issues (soft and hardware).,Resourceful and having the ability to make good business relations.,Teamwork player,Self-motivated and Disciplined"
112,894064,Middle East University,Banking and Financial Sciences,"Arabic: 100% ""mother language"" English: 75% reading + writing /50% speaking",Report preparation Customer Service Excellence Account Updates Scheduling New Product Information Customer Complaint Resolution Technical Support Billing Inquiries Sales proficiency Team Building Payment processing Administrative support
113,679744,"Hashemite University, Jordan",Risk Management and Insurance,Unknown,"Customer services; team participant; administrative support; product knowledge; positive attitude; information verification; strategic planning; and trouble shooting.,Multi tasking and time management capability,Good communications and interpersonal skills,Ability to adhere to policies and procedures,Ability to operate effectively in a fast-paced environment,Team oriented,Customer Service Excellence,Coaching and Monitoring,Time Management,Consultancy and Advisory,Experience in working E-Views, Microsoft Office (Word, Excel, and Power Point)"
114,568552,Yarmouk University,Communication Engineering,V.Good in English,"Organizational & leadership,Attention to details & time management,Communication & listening,Customer Relationship Management,HR policies and procedures,Labor low & social security,Mediation & problem solving,Proficient in Microsoft Office,CCNA Course"
115,443774,"Mutah University,Amman",Accountant,"Arabic: Mother Language,English: Good writing, reading and conversation","Able to work under pressure,Able to work as a team member,Able to learn new systems, application and meet deadlines promptly,Microsoft office,Familiar with Accounting Softwares, ERP systems,Good communication and negotiation skills,Effective teamwork and organizational skills,Driving license"
116,534686,University of Petra,Business Administration,"Arabic,English","Human Resources,Finance,Accounting,,English Language,General English,Company startup program,Basics of digital marketing,Problem Solving,Time Management,Leadership,Operations Management,Organizational Skills,Quick learning,Communication and Collaboration,Team Work,Independent work,Microsoft O,Internet search technique,Social media marketing,Access databases"
117,721795,University of Jordan,Accounting,Unknown,"Standards of accounting.,Team Player and Creativity,Inter-personal communications,Flexible and adaptable.,Microsoft Office Applications."
118,791520,Mutah University,Banking & Financial,Unknown,"Recording sales and purchase invoices,Performing additional duties, as required,Reporting on customers feedback,Identifying and assessing customers needs to achieve satisfaction,Handling customer complaints, providing appropriate solutions and alternatives within the time limits,Communicating with customers through various channels.,Verifying suppliers accounts by reconciling suppliers monthly statements with our records & monitoring AP ageing reports,Matching Revenue and Cost monthly for different products such as express and freight and providing feedback for the concerned team.,Maintaining historical records and agreements with the suppliers"
119,568782,Hashemite University,Financial economic,Unknown,"good communication and network skills * successful working in team environment, as well as independently * the ability to work under pressure and multi-task * computer skills"
120,893898,Ahliya Amman University,Business,"Arabic,English","Excellent social networking skills.,Self-motivated, Fast Learner.,Accept New Challenges And Tasks.,Microsoft Office.,Team Work & Hard Work.,Time management.,Flexibility,Responsibility."
121,686526,Al-Hussein Bin Talal University,Civil Engineering,"Arabic (Mother Tongue),English (Very Good)","Certified Quality Professional (International Accreditation Organization),General English (United Kingdom) (Sussex Coast College Hastings | 16 Weeks),Design of PV Structures (AMC Training & Consulting | 24 Hours),AutoCAD Civil-3D (HB Academy | 24 Hours),MS Project (Nell Program Training and Development Academy),Project Management Professional (Nell Program Training and Development Academy | 35 Hours),Structural Analysis & Design Using Etabs (Academy Scientists Lights | 24 Hours),Structural Analysis & Design Using Prokon (Academy Scientists Lights | 24 Hours),Structural Analysis & Design Using Safe (Academy Scientists Lights | 21 Hours),Structural Analysis & Design Using Staad. Pro (Academy Scientists Lights | 18 Hours),Structural AutoCAD (Academy Scientists Lights | 21 Hours),Site Engineering & Supervision (Academy Scientists Lights | 24 Hours),Quantity Surveying & Reading Engineering Drawings (Academy Scientists Lights | 30 Hours),Autodesk Revit Structure (Jordanian Engineering Council | 24 Hours),Microsoft Office,Communication Skills,Work Within A Team"
122,796835,Irbid National University,Accounting,"Arabic - Can speak, read and write/ excellent,English - Can speak, read and write/ very good.",Unknown
123,902097,Al-Khwarizmi College,Accounting,"Arabic: Native Language.,English: good in writing, reading and Good in speaking.","Highly enthusiastic and organized,Fast learner and easily adaptable to new circumstances and management styles,Dedicated, responsible, driven and goal oriented,Communication skills,Management shops and sites,The ability to work as a team and under pressure"
124,881942,"Al_Hussien bin Talal University,",Accounting,Arabic: Native English: Good,"Basic IFRS-GAAP.,Interpersonal skills.,Communication.,Microsoft Excel.,Attention to details.,Work under pressure.,Accounting and financial reporting.,Auditor report.,Creative thinker, practical, timely, self-motivated and innovation driven,Excellent written, communication and presentation skills"
125,900474,Al Zaytoonah university,accounting,"Arabic-native,English-good","Use excel in accounting form,Use accounting information system as OPTIMAL,Use Banks from ICSfs.,Write the tax declaration"
126,680865,Hashemite University,Economie,"Arabic (Mother tongue),English (Very good in writing, speaking and reading)","Business Management,Marketing,Feasibility study,Economic Analysis,Data Manipulation,Events Organizing,Quality Assurance (Manual),Adaptability,Excellent Analytical and Problem Solving Abilities Team Management and Leadership Skills,Excellent Communication and Listening Skills,Excellent Computer Skills ""Microsoft Office"",The Ability to Learn Quickly,Problem Solving Multitasking,Customer Service,Data Manipulation"
127,901971,AL-BALQA APPLIED UNIVERSITY,Management Information System (MIS),Very good english speaking and Writing .,"Follow up with client about prices.,Handling different account and client in different sector by calling emailing them.,Follow up with them for participation.,Excellent using Microsoft Office."
128,796977,Princess Sumaya University for Technology,Accounting,"Arabic Native,English Fluent",Unknown
129,565526,Yarmouk university -Faculty,Bachelor of Accounting miner of finance,"Arabic:,English:","Excellent in using Microsoft programs,Customer services skills,Financial Accounting,communication skills,Accounting software,Ability to work under pressure,prioritizing, Time Management"
130,405942,Philadelphia University,"B.Sc. Degree in Network Engineering (Management Systems And Business Networks),Network Engineering (Management Systems And Business Networks)","Arabic as Native Language,English as Second Language","Excellent communication skills across all levels; ability to communicate with ease the complex and technical concepts.,Excellent Leadership and Management Skills.,High ability to work under pressure, and commit to targets.,High ability to learn, adapt & advance.,Self-motivated and Hard-worker.,Microsoft Office (Excel, Power Point, Outlook, Word),Huawei U2000 Management System (2G/3G/4G/Microwave),Google Earth"
131,527792,The University of Jordan,Business Administration,"Arabic,English,Arabic","Attention to detail,Strong Microsoft Office (Word, Excel, and PowerPoint),Multi-task & Handle High-volume Workloads,Problem-Solving Skills,Creative Problem Solving,Flexible thinking and ability to adapt to change,Strong communication skills, both written and verbal,integrity,Risk and compliance standards,Project Management Professional (PMP) self-study,Analytical thinking and attention to details,Contract Management"
132,888064,University Of Jordan,Mechatronics Engineering,"Fluent Arabic Spoken and written,Fluent English Spoken and written","Human Development Skills:,Basic Communication Skills with AZADEA Group,Managerial Communication Skills with AZADEA Group,Time Management with AZADEA Group,Data Analysis,Economical Data Analysis with AZADEA Group,RFID Stock Management with AZADEA Group,Engineering,Arduino Electronics Course,Automotive Basics Course"
133,679701,"Science & Technology University, Sudan",Accounting,"Arabic: Mother Tongue,English: Proficient","International Audit Standards,Financial Statements,Internal Controls,Risk Assessment and Audit Planning,Compliance,Issue Tracking & Resolution,Auditing Methodology,Risk-based Audit,Policies & Procedures"
134,422555,"Tafila Technical University, Tafila, Jordan",financial and banking sciences,"Arabic (mother tongue),English","Creativity,Flexibility,Strong Work Values,Teamwork,Professionalism,Planning and Organization,Flexible with MS Office and MS windows"
135,789582,Cyprus International University,Business Administration,"Arabic,English,Turkish","MS Office,Accounting,Customer Service"
136,445198,The Hashemite University-,Accounting,"Arabic: native,English: very Good writing skills and very good verbal communication skills","Internal Auditing,External Auditing,Financial Statements Preparations,Financial Accounting,IFRS,Cost Accounting,Treasury Transactions,Solid Accounting Skills,Financial Analysis Skills"
137,461299,Al-balqa applied university,Mechanical Engineering,"Arabic,English","Teamwork,Creativity & Problem Solving,Presentation and Public Speaking,Written & Oral Communication,Leadership,Microsoft suite,Autocad,C++,Typing Speed"
138,898751,"Virtual University of Pakistan,University of Peshawar","Finance),Mathematics,Statistics,Physics","English,Urdu,Pushto","Regulations and compliance,Risk mitigation strategies,Financial Management,Financial records review,Relationship building and Staff,Management,Fraud investigations,Cost savings options,Safeguards assurance,Reporting familiarity"
139,904518,Princess Sumaya University for Technology,Unknown,"English,Arabic","Organized,Problem solver,Time management,Decision maker,Ability to work under pressure,Team player"
140,868986,"Al Ahliyya Amman University,",Finance,"Arabic,English,Indian","Prepared accounts and tax returns.,? Executed internal controls to improve accuracy and reduce error rate.,Documented risk exposure.,Greeted customers upon their entry into the store, assisted them with their questions and concerns, performed all checkout procedures accurately and quickly, and assisted with stocking shelves."
141,461738,"Al Ettihad School,yarmouk university",Accounting,"Arabic: mother tongue,English: native speaker, lived in the US for eight years.","Preparation and issuing of internal and external transfers, letters of credit, guarantees, cheque in local and foreign currencies. Collecting cheque through the ECC system. Customer service including responding for various clients inquiries, opening accounts and issuing of credit cards. Preparation of loans applications and follow up of loans payments. Special interest in the training of incoming junior staff.,Enthusiastic, hard worker, devoted to the institute.,Team player, with prominent leadership qualities.,Excellent interpersonal skills with superiors and colleagues.,Ability to multitasking.,Stability and creativity under pressure and heavy work load."
142,888016,The University of Jordan,Finance,"Arabic,English","Efficient multi-tasking,Problem Solving,Work under pressure,Responsibility,Time Management"
143,796772,Bachelor of Economics at the Faculty of Economics and Administrative Sciences,Economics and Administrative Sciences,"Arabic: (Native): excellent writing, excellent reading and very good conversation Arabic,English: very good writing, excellent reading and good conversation.","excel expert,Social Media Management,Digital Marketing,Public Speaking,Communication,Journalistic Writing,TV interviews"
144,677751,Philadelphia University,Accounting,"Arabic,English","Relationship Management,Time Management Skills,Decision Making,Leadership,Strong Interpersonal skills,Microsoft office software & the internet,Microsoft Dynamics Ax,ERB system,Quick books,Adaptable and fast learner"
145,896562,"KAZAN FEDERAL UNIVERSITY,AL ALBAYT UNIVERSITY,AL ALBAYT UNIVERSITY","Finance, Money Circulation and Credit","Russian,English,Arabic","Netlogo,Win4deap2,SPSS,Excel"
146,721613,Yarmouk university,accounting,"ENGLISH: Fluent,ARABIC: Expert","CONCISE COMMUNICATIONS,ANALYTICAL ABILITY,SERVICE ORIENTATION,PLANNING AND ORGANIZING"
147,696385,Irbid National University,Bachelor Degree in Accounting,"Arabic: Native language.,English: Very good (speaking, reading and writing)","Cash-flow report generation,Financial reporting,Public and private accounting,Auditing methodology,Excellent communication and presentational skills.,Ability to work under heavy pressure to strict deadlines and achieve goals.,Handle top confidential documents and matters.,Ability to read and analyze situations quickly.,Ambitious and goals-oriented individual"
148,767124,"Yarmouk University,","Economic finance and business,Finance and Business","Arabic:Native,English:excellent","communication skills,Ability to work under pressure,Team work& Team management,Using of computer & Internet,Negotiation"
149,866584,"University of Jordan,University of Jordan","industrial engineering,industrial engineering","Arabic,English","Microsoft Office,AutoCAD,Simulation by Arena,PTC CREO,Value Stream Mapping,Minitab,Able to work independently,Team work"
150,683733,UNIVERSITY OF JORDAN,Industrial Engineering,"Arabic (first language).,English (upper-intermediate).","Teamwork,Adaptability,Time Management,Problem-solving,Communication skills,-Microsoft Office (Advanced Excel, Word, PowerPoint) -Minitab -Creo -Simulink -AutoCad"
151,599338,Albalqa applied university,Business Administration,"Arabic,English","Good Communication,Effective Interpersonal skills,Excellent Conceptual,Analytical skills,Organized and Punctuality,Creativity,Good practice on Microsoft Office programs,Excellent planning and organizing skills"
152,655688,University of Southampton,Accounting and Finance,"Arabic, English","Microsoft Office,Statistics Software (SPSS)"
153,742008,"Yarmouk University,",accounting,Unknown,"Customer focus and relationship management skills.,Good knowledge of accounting principles and standards (both IAS and IFRS),,Good project management skills,,Good writing skills in both Arabic and English,,Strong computer skills (MS office, ICDL, etc.),,Solid communication and relationship building skills,,A good team player,,Ability to work under pressure,,Ability to collect and analyze data,,Ability to manage time and resources,,Ability to resolve issues,,Willing to learn new skills and interact with people,,Excellent Arabic writing skills especially financial reports and write-ups."
154,687542,Hashemite University,Risk management and insurance,"Arabic (Mother tongue), English (very good).","Excellent command of MS-Office. Power Bl,Strong analytical and problem-solving skills.,Critical Thinking and analytical mindset.,Excellent reporting skills.,Strong writing skills.,Highly motivated and enthusiastic.,Accountability, Work under pressure"
155,721670,"AL-QUDS COLLEGE,AL-MAAREF AL AHLIYA SCHOOL (AMS),MAJODE CENTER,IBRAHIM AL ABBASI CENTER",Unknown,"Arabic Fluent,English - Writing, Speaking and Reading: Good","Cashflow planning and management Ability to work and communicate with different groups. Ability to work in a team. Excellent at computer skills (Word, Excel, and Internet). Time management. Strong negotiation skills and flexibility in cultural and organizational terms. Takes responsibility for and ensures high quality of own work. Meets goals and timelines for team deliverables. Responds to information and instruction with professionalism and accuracy. Assesses work with critical eye. Encourages and contributes to clear and open communication; explains complex matters in an informative."
156,402322,Al-Zaytoonah University of Jordan (AZUJ),ACCOUNTING,"Arabic native language,English good","Management Skills, Numerical analysis,The ability to analyze and detect deviations and scrutiny,High level of analytical, problem solving and decision making abilities, ability to coach, mentor and provide development guide to staff,Microsoft Office Excel,Time Management,Communicate with others,make a decision,Good trainer"
157,684482,"Balqa Applied University,",Accounting Information System,"Arabic,English","Customer relations,Time management,Task prioritization,Work under pressure,Microsoft office,Knowledgeable in databases design,Control over accounting system,Accounting system analysis and design,Records maintenance.,Account reconciliation.,General ledger accounting.,Entering invoices"
158,683685,"University of Kerala,University of Kerala","Marketing & Finance,Taxation","English, Hindi, & Malayalam","Process Improvement,Training,Coordination,Leadership capability,Negotiating & purchasing,The ability to learn fast and to adapt.,Proficient in using Solver Hospital Management System, Solver Accounting and Inventory Management System."
159,521360,Jarash University,Business Administration,Unknown,"Organisation Behaviour,Management Principles,Total Quality Management,Supply Chain Management"
160,567781,University of Jordan -,"Finance,Islamic Banking","Arabic (Native),English (Intermediate)","Proficient in the use of Microsoft Word, Excel and Powepoint.,Ability to engage cross-functional teams to a successful outcome.,Ability to work under pressure.,Ability to work and operate in a team environment,Excellent written and verbal communication.,A person who loves reliability and adheres to his responsibilities.,Resourceful, well organized, dependable, efficient and detailed oriented.,Comfortable working in highly technical environment.,Good reasoning abilities and sound judgment."
161,895118,Amman,Accounting,"Arabic,English","Logical reasoning,Public Speaking,Team worker,Willingness to learning,Microsoft Office,Service-focused"
162,832722,Al Balqa Applied University,Management Information System,"Arabic,English",Unknown
163,797701,Al Albayt University,Accounting,"Arabic: Mother tongue.,English: very good.","Written and oral communication skills.,Have ability to deal with various accounting software.,Highly mathematical abilities and attention to details.,The ability to analyze problems and adopt and implement ideal solution.,Strong awareness of business policies and atmosphere.,Teamwork and respect for the chain of command.,Excellent in Microsoft office (excel, word, power point).,Continuous learning and stimulating internal motivation."
164,709155,University of Garden City,"Business Administration,Electrical & Electronic Engineering (Computer Engineering)","Arabic,English","Using BI for the reports,First level of support,Provide technical information using Knowledge management,BMC Remedy Administration,Analytic thinking,Problem escalation by procedures,Service Quality assurance,Allocation service priority,Incident Management,Monitoring Availability of service,Help other sections & Departments to solve their problem.,Training People,ISO20000,Open request through system.,Analysis the problem.,Follow the request.,Follow with vendor.,Using SLA,Building servers,Installation servers,Troubleshooting servers,Server replacement project,Self- and able to work under pressure and in any conditions.,Good team player.,Fast learner.,Excellent with time management.,Excellent with management & Leadership,Excellent with Management Concepts and Management Techniques.,Excellent in customer services and dealing with clients.,Update knowledge and skills to keep up with rapid advancements in computer technology.,Very good experience in networking (LAN & WAN).,System Administration (windows, Linux).,Firewalls.,DB.(my SQL & SQL).,Language C,C++.,Very good experience in managing and controlling systems.,Very good experience in IT policies & ISO.,Very good experience in DRC.,Very good experience in KPI.,Very good experience in analysis,a multi-cultural environment, respecting different religions, principles and believe in human rights.,Ensure to comply with all the quality parameters at any point of time in the organization. the other departments to ensure quality standards are met and provide suggestions for improvement of quality.,the organization that in turn ensure smooth functioning at all levels.,Working for several projects,submit quality audit report to higher management,Lead and manage the PCI-DSS regular ASV scan and annual external penetration test across the group,Lead the PCI-DSS compliance activities by monitoring performance and readiness at Business Unit level and supporting teams with advice. Report the compliance status and issue to the managem"
165,794178,"Amman Arab university,Amman Arab university,Arab community college","Accounting,Accounting,Accounting,Accounting","Arabic,English","Leadership,Communication,Opponents,Time management,Working under pressure,Adaptability,Team work"
166,681065,Jordan University,Unknown,"Arabic,English","Very good in using computer and using Microsoft Office Suit especially. Very well typing skills (Arabic and English),Excellent communication skills. Good time management Account Management Problem solving skills Ambitious and hard worker Motivated and hard worker. Customer service and customer care skills,Outstanding independent and team player"
167,424495,University of Jordan,Accounting,"English,Arabic","I am a conscientious person who works hard and pays attention to detail. Im flexible, quick to pick up new skills and eager to learn from others. I also have lots of ideas and enthusiasm. Im keen to work for a company with a great reputation. Am looking forward to work at a competitive environment where I can be a key player in its business and development, also to be win-win position where I learn and share my knowledge with my team. I believe that my key characteristics which are being a fast, self-learner with excellent communication skills and being ambitious seeking the suitable opportunity to prove my capabilities would make out of me successful employee."
