,CANDIDATE_REF_NUM,UNIVERSITY,EDUCATION,LANGUAGES,SKILLS
0,417809,al Balqa Applied University,communication technology engineering,"Arabic,English","SQL Oracle,Motivation skill,Interpersonal relationship building,collaboration and team work,Matlab,CST,Link!,Multisim,Linux,Cisco packet tracer,Microsoft Group"
1,754751,Isra university,Computer Networks,Unknown,"Teamwork,Leadership,Problem-solving.,Adaptability,protocol,Switching,Routing"
2,816934,"Australian National University,NWFP University of Engineering & Technology,Australian National University,University of Engineering & Technology Peshawar Pakistan",Communications,Unknown,"GSM network monitoring and configuration using various Network Management tools,Configuration and monitoring on Switch Commander (Release 99) interface for Siemens D900 Switches,Configuration and monitoring using NetAct (Nokia Release-4) interface for Nokia DX200 Switch and IPA2800 MGW (Media Gateway),Configuration and monitoring on Siemens NetManager for Telenors Long Distance International (LDI) Network.,Monitoring on Huawei M2000 for Huawei ngHLR,Preventive maintenance and health checks on 2G/3G RAN elements and KPI analysis,Provide support to the field engineers and technicians/vendors in the integration of new network elements as well as in maintenance activities on the current nodes.,Logging Trouble Tickets using HP service desk and HP service manager and their timely and efficient follow up till resolution within agreed SLA,Coordination with other mobile operators and roaming partners for inter network traffic testing and resolution of faults.,Service provisioning and Assurance, Troubleshooting, Customer Support"
3,683704,"Al-Zaytoonah University,",power and control engineering,"Arabic: Advanced,English: Excellent",Creative design Innovative Service-focused
4,516345,Petra University,Unknown,"Chinese,Arabic,English","dealing with Linux systems terminal (entry level),ethnical hacking using kali Linux,installing and dealing with a major computer software and hardware,SAP ERP system (SD&MM) entry level,PHP, HTML, JAVA, ASP.NET, C#, C++,Bootstrap,SQL server,Mysql,Database analysis"
5,818269,"Yarmouk University,",TELECOMMUNICATIONS ENGINEERING,"Arabic | Native,English | Very good at reading, writing, & Speaking.","Good at MS. Office software.,High knowledge in responding to social needs.,Excellent at Customer Service Management.,Good marketing skills.,High networking skills.,Excellent negotiation skills.,Punctuality and Efficiency.,Flexibility & Positive Attitude in every situation.,Responsibility.,Ability to establish & maintain good work relationships.,Self-confidence.,Problem-solving.,High Communication skills.,Excellent Time management."
6,818362,"Al-Balqa Applied University,Faculty of Engineering Technology","Electrical Power Engineering,Electrical Power Systems","Polish language,Arabic language,English language","Understanding of electrical sciences.,Circuit wiring.,Problem-Solving.,Fast learning.,Communication skills.,Troubleshooting skills and attention to detail.,Computer literacy,Electric simulation programs."
7,402260,"Al-Balqa Applied University Faculty of Engineering Technology (FET) polytechnic,Al-Quds college","Electrical, Electronics and Communications Engineering,Electrical, Electronics and Communications Engineering",Unknown,"Learning,Teamwork,Leadership,Communication,Perform IBS site survey and prepare site survey report.,Understand the IBS design and lead the implementation team to follow the design.,Supervise IBS implementation technician.,Perform daily site visits to ensure that implementation technicians are following implementation standards and quality procedures.,Prepare IBS site folder documentation.,Perform periodic reporting on the daily and weekly implementation progress.,. Coordinate with site building management for access and for work plan.,Resolving RAN Customer Complaints and ensuring the best Quality of Service for RAN elements, as well as supporting the needed coverage and capacity growth wireless networks at Zain Jordan 6th month as a trainee from Jordan Engineers Association."
8,670008,The Al-Balqa University,Communication Engineer,"Arabic: Native speaker (Mother Language).,English: excellent in communicating, reading, and writing.","Excellent communication skills and the ability to deal with different kinds of people/work on a team.,I can work under pressure without negatively affecting my work.,Strong individual performance.,Excellent Collaboration skills.,Excellent general computer skills."
9,760081,AL-Balqa Applied University,Telecommunication Engineering,"Arabic: Mother Language,English: very good","Time Management.,Work under pressure.,Teamwork spirit.,CCNA knowledge"
10,434829,Princess Sumaya University of technology,Telecommunication engineering,"ARABIC,ENGLISH","Troubleshooting ETTH and FTTH problems.,interfacing with some apps like Hawaii Software-U2000.,Provide feedback to the management concerning possible problems or area of improvement.,Working on Analog and IP cameras system.,Testing and Troubleshooting CCTV system.,Installation, configuration and Running the voice system.,Work with team member and the managers to complete the duties as needed,Installation and configuration VoIP System,maximize network performance by monitoring performance, troubleshooting network problems and outages, scheduling upgrades and collaborating with network architects on network optimization.,undertake data network fault investigations in local and wide area environments using information from multiple sources.,provide remote support to on-site engineers and end users/customers during installation."
11,543960,University of Jordan,electrical engineering,"Arabic Mother Tongue,English fluent listening, writing and speaking","Install, configure and support LAN/WAN projects for organizations. Configuring and supporting firewalls, Deploying firewall policies and security profiles, monitoring network applications and blocking events, and configuring VPNs. Install, configure organizations on-premises wireless LAN infrastructure including Access Points and Wireless Controllers. Provide support and troubleshooting to customers different network and endpoint security technologies (Switches, Routers, Wireless Controllers, Firewalls). Perform health check and periodic preventive maintenance (CPU, memory, RAM and hardware) for different network and security infrastructure. Prepare technical documentations and reports for projects.,MS office Linux MATLAB AutoCAD SQL C Programming Language Python Programming Language Basic working knowledge of virtualization environments including: VMware and Hyper-V (Windows and Linux). Basic working knowledge of writing Linux Scripts.,Verbal and written communication skills. Troubleshooting. Problem Solving. Team worker. Adaptability. Creativity."
12,820171,"Jordan University of Science, and Technology",Computer & Information Technology,"Arabic,English","understanding of OOP, Data Structures, Algorithms, Design Principles.,Exposure to ITIL Foundation.,CCNA equivalent experience,Active Directory GO,OU,Pfsense firewall rules.,troubleshooting hardware peripherals.,configuring and troubleshooting Vmware technologies,Fingerprint and access card technologies (Virdi, Kantech),Collaboration technologies Mailbox, IVR, SIP, SCCP, AXL integration,Positive attitude, hardworking and teamwork,Strong analysing skills,Good understanding and communication skills,Excellent judgment and creative problem-solving skills.,Work under pressure hardly"
13,746696,جامعة الطفيلة التقنية,"تكنولوجيا التصنيع المحوسب Diploma,تكنولوجيا التصنيع المحوسب","English,Arabic","العصف الذهني,Dedication,Business Organization,العمل بروح الفريق"
14,817790,"Tafila Technical University, Tafila, Jordan",Communications and electronics Engineering,"Arabic [mother language],English [ speaking, writing, reading]","Highly developed communication and reporting skills. Strong communication skills: (Interpersonal skills, administrative reporting presentations). Computer proficiency (word processing, presentations & e-mail correspondence). Hardworking & team player. Accountability and commitment. Programming electronic devices; Such as Raspberry Pi ( at Jordan engineers association) (certificated) CCNA (at cisco - Tafila) ( Certificated).,Assist the lab supervisor in different labs.,Control students during the examination period.,Carry out some tasks at the admission and registration department."
15,758870,The University of Jordan,Electrical Engineering,"Arabic,English","MATLAB, Python, C++,ANSYS HFSS, Atoll, ETAP, Multisim, Wireshark,Proficient in Microsoft Office Suite"
16,816794,Private University,"Computer Science,Energy Engineering","Arabic - Mother language,English - B2,Deutsch-Good (B1 level)","Microsoft Office package, Java, C Language, HTML, CSS, Java Script, Python, Flutter, Database, PVsys, PVsol, Revit."
17,632650,Government College University,Electrical (Telecom) Engineering,Unknown,"VOIP: Understanding of all major formation techniques (Routing, Troubleshooting etc.) By using different Software`s Switches e.g. SONUS, GENBAND, DIGITalk, Itel, Voss, SIPPY, NEON. Technical Skill : Understanding of PCAP traces, creation accounts, define rating plans, Balance addition detection, Creation technical reports,,Relevant Course Studies: Digital Signal Processing(DSP), Satellite Engineering, Optical Fiber Communication, Wave Propagation and Antennas, RF & Microwave Engineering, Wireless & Mobile Communication, Digital Communications, CCN (Computer Communication Network."
18,661549,De Montfort University,Electrical and Electronics,Unknown,Unknown
19,817457,"Arab Academy for Science, Technology & Maritime Transport",Communication,"Arabic Fluent,English Very good","Ability to work under pressure.,Self and fast Learner.,Good Communication Skills.,Hard worker."
20,755133,University of Science and Technology,"Communication Systems,Communication Systems Engineering","Arabic: Native,English: Good","Analytical and troubleshooting abilities.,Operating system (Windows, Windows server, Linux & MacOS).,Ability to follow-through and react quickly to situations.,Excellent telephone skills and good ability to use Remote Access.,Server management.,Systems administration.,Microsoft Office 365.,Adobe photoshop.,Outlook and emails configuration & troubleshooting.,Ability to diagnose networks, computers, copiers, CCTV, and phone systems (VoIP)in an efficient and professional manner.,Ability to create and supervise computer applications and system upgrades (viruses, application glitches, and hardware issues).,Detail orientation, technical details, following established processes and assisting with the development of new or changes to support processes.,Comfortable working by my own or part of a team,Ability to disconnect all network devices and phone system, transport them and reinstall them at new locations during office relocations,Ability to install PBX phone systems,Ability to troubleshoot network, CCTV and voice cabling (Digital or Analog),Experience in Structured Cables installation,Ability to develop myself and gain new skills,Ability to climb ladders and maneuver in attics and/or crawl spaces when necessary,Provided support to customers via email or phone and resolved any IT related issues,Design, implement, install, configure and troubleshooting Microsoft windows server,Administering Windows Server networks, domains, roles and services,Troubleshooting and maintenance Active directory, DNS and DHCP,maintained physical server hardware and performed repairs when needed,Implementing, Managing and Monitoring Network Devices"
21,693923,Al-Balqa` Applied University,Telecommunication and Software Engineering,"Arabic Mother tongue,English Professional","Expert in MATLAB,Expert in C++,Expert in Multisim,Expert in CST suit,Good written and verbal communication skills.,Excellent team leading and coordination skills."
22,432923,Princess Sumaya University for Technology,Electronics Engineering,"English,Arabic","Good Communication Skills,Teamwork,Troubleshooting,Flexibility,Customer service,Critical thinking,Work under pressure,Time management,Quick leaner,Design Techniques,Software Installation,Testing Cables,Site Surveys,Integration,Programming,AutoCAD,Cables & switches,Routers,LAN,IPv4 & IPv6 routing,Infrastructure technology,TCP/IP"
23,512689,Al-Zaytoonah University of Jordan.,Communication and network engineering,"Arabic (Mother Language),English (Write and Read ) very good.","Design and implement functional networks.,Configure manage and maintain essential networks devices.,Use devices such as switches and routers to segment networks traffic and creat resilient networks.,Identify benefits and drawbacks of existing network configurations,Implement network security standards and protocols.,Troubleshoot network problems.,Support the creation of virtualized networks.,Implementing Cisco IP Swiches Networks.,Plan and perform regular maintenance on complex enterprise routed and swiche networks.,Good interaction with team.,Work under pressure.,Have a good personality.,Experience with AutoCAD.,Good use internet and Microsoft Office.,MATLAB & JAVA & C++,Kotlin language"
24,756770,Zarqa Privet Universitty,computer information systems,Unknown,"Exceptional communication and networking skills,SQL Database,The ability to follow instructions and deliver quality results,The ability to work under pressure and multi-task,Successful working in a team environment, as well as independently"
25,817447,"Modern Academy (For Engineering and Technology),",Communication and electronics engineering,Unknown,Unknown
26,755678,"Isra Private University,Balqa Applied University","Electronics and Communications,Electrical Power Systems","Arabic: mother tongue,English: very good (reading, writing and conversation).","Social Skills and Competences General soft skills (presentation skills, planning, team work skills).,Technical Skills and Competences The passion to read tutorials, document, manuals and scientific papers. Analytical thinking skills."
27,754848,The Hashemite University,Electrical Engineering,"Arabic- Native,English- Bilingual,Arabic,English","Good Listening Skills,. Excellent Work Ethic,Capability to Analyze Data,Flexibility,Solving Complex Problems,Communication Skills,Creativity,Teamwork,Organization Skills,Python PvSyst Matlab Microsoft Excel AutoCad"
28,819140,Institute of Aviation Engineering and Technology (IAET),Electronics and Communication Engineering,"Arabic,English","Good Communication Skills,Motivated and Organized,Problem solving,Research and Development,Work under Pressure,Access & configuring all network devices (Routers, switches) with Full privilege for troubleshooting,Troubleshooting and investigating core routing protocols problems (OSPF -BGP - MPBGP L2/L3 VPN - LDP) services on routers,VMware Workstation,Office Skills (Word, Excel and Power Point),Operating System (Windows, Linux(CentOS)),Establish the networking environment by designing system configuration and directing system,Configure routing and switching equipment"
29,825690,Jordan University of Science And Technology,Electrical Engineering (Power and Control),"Arabic Mother language,English Writing and Reading is excellent with good speaking","Fast learner, able to learn new systems,Active team member,Manage time,Good Communication Skills,Strong Work Ethics"
30,744535,World Islamic Sciences and Education,Software Engineering,Unknown,"C#,ASP.Net,MVC,HTML,CSS 3,Bootstrap,SQL Server,Java,Microsoft Office,X++,SQL"
31,406990,Al-Balqa Applied University.,Communications Engineering,"Arabic,English","Research skills,Analytical skills,Teaching Skills,Communication skills,Microsoft Office,MATLAB,NI Multisim and LabVIEW,Cisco Packet tracer,Information Technology,Communications Technology"
32,755308,Al-Balqaa Applieduniversity,communication engineering,"Arabic,English","MATLAB advance training andSimulink.,Google sketch up and PVSYSTexperience.,Adobe photoshop andillustrator.,Microsoft office andExcel.,VBAprogramming.,Fixing any issue onnetworks."
33,816846,Yarmouk University,Unknown,"Arabic language (Mother tongue),English language (Excellent user and speaker)","Very Good communication skills,Excellent at using the Cisco Packet Tracer program,Excellent command in dealing with all the computing programs,Very good in using the social media applications,Excellent in dealing with network and network security,Ability to deal with using good soft skills"
34,818115,"Al-Balqaa Applied University,",Communication Engineering,"Arabic,English","Time Management & Productivity.,Communication Skills.,Problem Solving.,Good Negotiation Skills."
35,404098,Palestine Polytechnic University,Computer Engineering,Unknown,"Over 16 years of experience in System Administration.,Over 16 years of experience in Network Administration.,Over 16 years of experience in Technical Support.,Over 16 years of experience in PC & Laptops Hardware Maintenance and Software Solutions.,Over 10 years of experience in Public Relations.,Over 10 years of experience in Information Management & Data Processing.,Over 10 years of experience in Strategic Planning, Capacity building & Institutional Development.,Over 10 years of experience in Proposals & Reports writing.,Excellent Communication skills.,Excellent Presentation Skills.,Enthusiastic & team player.,Strong analytic, numeric and forecasting skills.,Good ability to work under pressure, within teams and to deadlines.,Expert: System Administration, Network Administration, Technical Support, Windows (10, 8.1, 8, 7, Vista, XP, 20016, 2012, 2008, 2003 Server), MS Office 2019, SPSS.,Intermediate: DB Administration (SQL Server). Programming (C++, VB.Net), Video Editing, Adobe Photoshop. Articulate Storyine 360, iSpring.,Basic: Java, Assembly."
36,690923,Philadelphia University,Communication Engineering,Unknown,".Computer literacy (MS office, internet),,Office management,Interpersonal skills,Organizational ability,Computer skills (Typing: English-Arabic),Leadership skills,Office management,Networking,Cooperation,Creativity,Cultural awareness,Flexibility,Working under pressure,Initiative,Motivation,The ability to work as part of a team"
37,406904,Al-Balqaa Applied University,Telecom Engineering,"ARABIC,ENGLISH","POWER BI,MS PROJECT,MS OFFICE,VISIO,AUTOCAD,FIBERHOME UNM200,NOKIA AMS,NOKIA BTS MANAGER,HUAWEI U2000,ZTE SDR TOOL,SECURE CRT,INSSIDER TOOL,THERMO GRAPH,OTDR,SITE MASTER"
38,823486,"JNTUK,State Board of Technical,Board of Secondary",B.Tech (MECHANICAL),"English,Telugu,Hindi,English, Telugu","Knowledge of managing productively, Individual targets, and employee relation.,Regularity in working with in specific time and ability to seek advice.,Expert in managing people in different situation.,Having self-confidence & enthusiasm.,Interpersonal skills,AutoCAD,MS office.,Basic knowledge of computer operation, [DCA],Adaptability Attention to detail Curiosity Open mindedness Self Motivation"
39,755819,"Yarmouk University,",Telecommunications Engineer,"Arabic: Native tongue,English: Fluency in speaking, writing, and reading","Troubleshooting issues for different customer needs and requirements,Working in a timely manner,Handling high workload,Customer management,Technical knowledge with different platforms and technologies and protocols"
40,413972,Philadelphia University,Software Engineering,"Arabic: Native,English: Good","Practiced troubleshooter with excellent diagnostics and repair abilities, strong attention to detail and methodical approach.,Printers and PC expert Boost performance by thoroughly evaluat- ing and correcting different hardware and software Issues.,Ability to learn new concepts quickly and efficiently.,Hard and smart worker.,Time management.,Application support,Desktop support,Technical issues analysis,Customer service expert,Component installation,Network support,Team collaboration"
41,758201,Princess Sumayya University for Technology,Telecommunication Engineering,"Arabic Mother Tongue Language,English Excellent","Teamwork.,Creativity.,Self-learning.,Problem solving."
42,404810,"Yarmouk University,Al Hussein Secondary School",Telecommunication Engineering,Arabic and English,"Programming in C++,CCNP certified"
43,639291,O Al-Balqaa Applied University,Computers systems & Network Engineering.,"Arabic,English","Building and management network, AutoCAD, Multisim. packet tracer, Opnet, PRTG, Matlab, Altera and Intel Microprocessor. Microsoft office, Visual Basic, c++ and Python programming languages, Familiar with Windows, Linux,windows server."
44,755583,Unknown,SCIENCE IN TELECOMMUNICATION ENGINEERING,Unknown,"Linux Administration. User Management, Groups Management, Permissions Management, Ownership Management in Linux. Packet Capturing and Analysis(Wireshark, TCPDUMP) Routing Switching OSPF, BGP, MPLS, MPLS-TP Protocols Firewalls Load Balancing L2 Switches, L3 switches TCP/UDP IP Networking Ports, Protocols (http, https, Network Status Codes) MYSQL Databases OSI Model and Devices used on the layers (Physical, Network, Application layer etc.),Transmission Equipment Work Experience SDH Systems, ISM, ADM16, SLM2000 ADM Universal Huawei SDH/DWDM Systems ? BWS1600G (DWDM), Optix2500, Optix Metro1050, Optix155/622(Metro1050) Optix155/622(Metro2050) OSN1500, OSN2500, OSN3500 Siemens SDH SMA1K, SMA1/4, SMA1/4C, SMA16, hIT7030, hit7060, hiT7070 TV Decoder ? Barco Video Decoder RE 3400 (34MBits) Codes (TV) ? Barco Encoder Codes TV RE3400 (34MBits) ? Audio Codes RE 8930 Synchronization System ? SDU OSA 5533c (Oscilloquartz),Troubleshooting and link up of optical interfaces (E1, STM-1E, STM10, STM-4, STM-16 & STM-64 with customer DDF and ODFs.,Best commands of measuring equipments Optical Power Meter, OTDR, Laser Source and Ohm Meter for power connections.,Preparation of the weekly/monthly Report for the quality of Service. In addition, consolidating a performance report keeping in view an individual basis and Group wise.,Basic knowledge of the power plants employed in the telecommunications networks (Generators, Rectifier & Battery).,Attending PAT (Preliminary acceptance tests) Activity with vendors.,Preparation of detailed technical report during any outage of failure.,Provide technical support in line with 24x7 call-out routine and SLA commitments Including attendance at site in planned, unplanned & emergency situations.,Following up and tracking projects tasks during the execution stages in coordination with managers.,Dealing with the client to resolve their issue on priority basis.,Export the closing the open Rings STM16, STM64.,Performed the Joint activity (JV) with customers"
45,551887,AL MANHAL INTERNATIONAL SCHOOL,Unknown,"ENGLISH,ARABIC","Network repairs and maintenance,Switches and routers,Server maintenance,Hardware and software Support,FortiGate and Sophos, experience in network security (Firewall, VPN, Anti-Virus, Anti-Spam, Intrusion Prevention, Content Filtering, End Point Security, Web Application Firewalls, or Email security),Extensive knowledge of Microsoft based operating systems, including Windows Server 2008,2012, 2016, 2019 and Windows 7,8.1, 10,. Aruba Access point Wireless Network,Performed help-desk support for users,Installed computer lab network from scratch.,Connected computers as workgroup.,Performed computers maintenance,Install VMware Hyper visor on Server,Configure and troubleshoot DNS, DHCP, File and Print Servers.,Scanners, Printers, Network Printers.,Support onsite technical support services like hardware repair & upgrades, new computer setup,Wireless/Wired network setup and Recovery of deleted data.,Email setup and configuration using Outlook, fix mail Problems of Sending/Receiving.,Archived photographs on computers and servers.,Photographed high-quality images for both print and internet distribution.,Planned and prepared for all on-location and studio shoots.,Fabricated camera mounts and cases to capture images and protect equipment.,Installed, configured, and supported local area network (LAN), wide area network (WAN) and Internet system.,Diagnosed and resolved hardware, software and network problems and replaced defective components.,Graphic Design Consultant"
46,479516,"Princess Sumaya University for Technology,Princess Sumaya University for Technology","Information Systems Security & Digital Criminology,Management Information Systems",Unknown,Unknown
47,405793,AlZaytoonah University of Jordan,Electrical Engineering,"ARABIC (MOTHER TONGUE).,ENGLISH: VERY GOOD (READING, WRITING AND Speaking).","Arduino,AutoCAD,MATLAB,JAVA,C++,CST Studio,network design and configuration (cisco packet tracer),html,CSS,JavaScript,. python,Computer Skills: MS Windows Operating System.,Proficient human relation skills.,Able to achieve the required goals.,ability to work well under pressure.,Good verbal and written communication skills.,Relevant technical knowledge.,Problem-solving skills.,Efficiency and organized.,Team working skills.,High follow up skills."
48,417834,Unknown,Information Technology,"English,Arabic","Configuration of cisco routers, Summarization, Router ID, DR, BDR, etc. IR, BIR, ABR, ASBR, LSA, Redistribution, Route-map, LSAs, Stub area etc. using RIP, OSPF, BGP, EIGRP. Experience with Cisco and Huawei Switching technologies, like, STP, RSTP, MSTP, VLANS, MLS etc. Port Aggregation/Ether Channel (Layer 2 and 3) etc.,Supporting in Presales by Delivering presentations to prospective and current clients. Managing the sales bid process by responding to RFIs & RFPs. Assist Sales Team in Qualifying Prospects by helping in the Tenders management especially to US Federal Government as well as Commercial Customers. Also handling Post-sales services like RMAs, Licensing and other related issues.,Hands on Experience on Microsoft Windows Server 2012 and 2016 Active Directory Domain Services, AD Group policies, Security Policies and Access control etc.,Installation and maintenance of Voice over IP system Desk phones, Wireless phones in Cisco, GigaSet, Mitel Telephony, Yealink and Unified Communication system.,Support of Office 365 with a focus on Exchange, Skype for Business and license management.,IT Services management and Service Desk Manager (CASDM) and POS Ticketing system.,Procedures laid down to ensure quick resolution for IT faults or incidents reported.,IT Networks and Desktop Support including 0365, VOIP Support and Ticketing Systems.,Ability to troubleshoot and resolve complex problems.,Client Server Architecture Support including Remote Access troubleshooting and resolution.,Acquired and utilized acute knowledge and troubleshooting experience with telephone equipment; and produced ad hoc reports and documents for senior team members.,Excellent Written and verbal communications skills in English. Also, fluent in Arabic language.,Responsible for LAN and WAN networks support along with other technical support.,Resolve 1st and 2nd line support incidents on the network, VOIP phones, workstations, printers & mobile devices.,VoIP Infrastructure Administration like Insta"
49,757275,Al-Balqa Applied University,Mechatronics Engineering,"Arabic,English","Self-motivated and ability to take the initiative.,Work under pressure.,Good administrative and organizational skills.,Work effectively as team member.,Good communication skills both in oral and written.,Complex problem solver.,Python,C++,PLC,MS Office,Project management"
50,623308,Philadelphia university.,communication and electronic engineering,"Arabic (Native language).,English (Very good).","Creative.,Team work play.,Time management.,Computer skills."
51,809695,AL AL-Bayt University,Geographic Information System and Remote Sensing),"Arabic,English","Design and production of maps,Geographic database management,spatial data analysis,Making apps in gis,sense of responsibility,Strong communication skills,Work under pressure,Time management,Team work,Strong presentation and negotiation skills,Strong communicating and client interaction skills,Contacting and communicating with high end decision makers,Able to quickly understand customer needs and to deliver timely and cost-effective solutions,Html,Python,Microsoft Office (Word, PowerPoint, Excel-Access),Google maps"
52,419469,AL-BALQAA APPLIED UNIVERSITY,communication and software,Good English performance,Computer (Microsoft office) & Internet Typing
53,808772,University of Jordan,Electrical Engineering,"English,Arabic","Team Leader,Flexible and innovative,Patience, Great ambition,Quick learner,MS Office 365,Basic computer architecture,Troubleshooting,Customer service,Routing concepts,Permissioning,Package and software management,Process management,Resource monitoring,Systems administration,Configuration,Centralized management,Implementing/managing directory services,Data management and recovery"
54,760457,Hashemite University,Computer Engineering,"English - Very good,Arabic - Native Language","Troubleshooting Cisco networks and isolating problems from switching side. Troubleshooting and knowledge in all kinds of Cisco catalyst switches for connectivity, CPU, hardware, and other software issues like system upgrades. Troubleshooting and understanding different protocols like DHCP / ICMP/HSRP/ARP/STP/VTP/ ( PAgP and LACP) CDP/NAT and ability to understand new protocols or technologies. Troubleshooting and knowledge virtual systems (VSS, stack wise virtual) and stacking systems. Collaboration with different technical teams in order to resolve issues. The ability to deal with all kinds of networks from the most complex to the most simple ones. Keep up to date with new technology products ion order to provide support as soon as they are lunched in market. Cooperate with the development team and business units to document and solve software defect through lab simulations and testing.,Worked on solarwinds solution As Network Operation Center for All Dar Offices. Worked on LogRhythm solution As Security Operation Center for All Dar Offices. Cisco Routing and Switching. Cisco Unified Communication Manager. Cisco Wireless Controller. Fortigate Firewall. CCTV Cameras system.,CCNA Routing and switching certificate. HCIA routing and switching certificate. CSFPC certificate. NSE1,NSE2 Certificate. Have a good knowledge about 5G technology. Linux online course. A+ course & maintenance skills. C++, SQL, verliog &assembly. Ability to learn new programming skills and technologies in a short time. Excellent team working skills. Creativity & problem solving skills."
55,555627,Al-Balqa Applied University,Communications and computer networks,Unknown,"Project Management,Leadership,Self-motivation,learn fast and work under pressure"
56,760359,University of Jordan,Business Information Technology,"Arabic,English,Spanish","Communication Skills,Work under pressure,Problem Solving,Networking design"
57,805133,Philadelphia University - Amman - Jordan,Computer Science & Computer Information Systems,Unknown,"Technically minded,Analytical,Pro-active,Problem solving oriented,Team player,Results oriented,Maintaining maximum availability of supported services for users.,Identify and recommending improvements for applications, Microsoft windows systems.,Research and recommend web-based solutions, to aid the business advancement transformation to web-based business model insuring flexibility and dynamicity.,Contacting IT software/hardware/Services suppliers and obtaining quotes to insure uninterrupted IT service.,Use cloud-based solution (executestrategy.net - CASCADE) to create & manage a dynamic digital form of companys strategic plans (short & long term), which includes:,1) creating a digital representation of all employees structure based on actual hierarchy.,2) adding all employees goals for a specified period(s).,3) aligning the company strategic goals (short & long terms) to each employee from top-to-bottom: General Management, Department Heads, Line Managers, Employees.,Problem-Solving and Administration.,Networking, VLANs, and network infrastructure.,Cloud services management.,Business workflow automation.,Security and Monitoring.,Account access management.,Hardware management.,Backup & Disaster Recovery."
58,755772,Al-Balqa Applied University (BAU),Computer Science,"English,Arabic","Switching & Routing,Network Access,Android,Java,Public Speaking,Negotiation"
59,825699,Hashemite University,electrical engineering,"Arabic: Native Language,English: Speaking, reading and writing","Teamwork,Problem Solving,Good communication skill,Excellent use of computer,AutoCAD Program,Assembly Program,Bluesol Program,Matlab Program"
60,820561,Jordan University of Science and Technology,Network Engineering and Security,"Arabic,English","Advance Knowledge of routers, routing protocols Programing Languages :(c/c++, python) Hands on experience on Linux operating system,Strong communication and organizational skills Problem Solving Flexibility Strategic planning Demonstrated interpersonal skills commitment"
61,463103,Applied Science University,Computer Science,"Arabic,English","Team work, Individual work, Work under pressure, Office work, Hardworking, Self-Motivated. Time management, Fast work, Productivity, Communication Skills, Creativity, Leadership, Flexibility, Responsibility."
62,721445,Al-Balqa Applied University / FET,Telecom Engineer,English - Very Good,"Microsoft office, AutoCad, Python, C++, blynk, fritzing."
63,675787,"Philadelphia University,",Business Networking & System Management,"Arabic,,English","EXCELLENT PRESENTATION SKILLS,EXCELLENT INTERPERSONAL SKILLS,A TEAM PLAYER WITH ABILITY TO WORK INDIVIDUALLY,STRONG EYE FOR DETAIL,ABILITY TO MEET DEADLINES,TIME MANAGEMENT,ABILITY TO DISTRESS WHEN WORKING UNDER PRESSURE,DRIVING LICENCE"
64,734685,Jordan University of Science And Technology,Computer science,Unknown,"HTML CSS java Script,Python Networks MS Office"
65,481498,Al-Balqa Applied University / Faculty of Engineering Technology/ 2015-2020 / Rate is Very Good [ 3.04 ].,Telecommunication Engineering,"Arabic - Native Language,English - Good (writting, reading and speaking).","High Ability To Work Under Pressure.,High Ability To Work With Team-Leader.,Very Good Time Management.,Good Communication Skills and Interpersonal Skills.,Fast To Learn.,Problem Solving."
66,807675,The Hashemite University,ELECTRICAL ENGINEERING,"Arabic: Native language.,English: Very good (TOEFL iBT =90 (out of 120)).","PV systems,Lighting and power systems,Program and operate a VFD,AutoCAD,PVsyst,DIALux evo,Packet Tracer,CODESYS,MS Office,Multisim,MATLAB"
67,753178,Faculty of Engineering Technology FET - Hashemite University,Electrical Engineering,Very Good Arabic and English,"Advanced Skills and knowledge in Excel, Power Point,Very Good in PV Syst, AutoCAD, STK and MATLAB"
68,825686,"Tafila Technical University,AL Balqa Applied University/Faculty of Engineering Technology",Electrical Power Engineer,"Arabic - Native,English - Very good","Energy Audit,Hard worker and fast learner.,MATLAB,Oral and written communication skills.,Arduino,Customer service skills.,Proteus,Critical Thinking.,C++,AutoCAD,MS Office.,IOT,KNX Protocol"
69,805888,"Al-balqaa applied university / Al-huson University Collage (2017 - 2021),",computer science,"Arabic: native,English: very good at writing, speaking, reading and listening","Excellent skills in C++.,HTML5 Programming.,CCNA. Router and Switch knowledge.,Knowledge in SQL.,Operating System: Windows.,Computer software and hardware installation and maintenance.,Excellent skills of using Internet and Microsoft Office Applications,Professional in Access, Word, Excel, PowerPoint.,Excellent analytical and Organizational skills.,Good Communication skills, good presentation skills.,Ability to work in a group or individually according to the job requirements.,Good Project Management, Problem Solving ability, and decision making ability.,Commitment and ability to work under pressure.,Quick learner and able to concentrate and pay attention to details."
70,513487,Yarmouk University,Engineering Technology,Good Conversational English,"New sites installation ""A to Z"" for any company or manufactures.,BTS & MICROCELL installation and expansion for HUAWEI and MOTOROLLA,Microwave links installation using (RTN910 and RTN950 modems) and (Andrew dishs ""from .3m to 3m diameter "") with configuration using ""Web LCT program"", and make troubleshoots if needed.,UHF Antenna installation, maintenance, and expansion ""include using (site master) to measure the VSWR "".,Civil works as install DPs & Mounts, Tower maintenance, Shelter build and maintenance, cable tray installation And maintenance,Fiber optic ""good experience"" by taking SDH project in south of Jordan with Zain and self-study as application, history, transmission and receiving, amplifiers, wavelength division multiplexer, types of fiber, attenuation, and ""advantages and disadvantages"",BTS cabinet ""Huawei 3900"" installation with all auxiliary equipment understanding the function of most equipment that include ""as BBU and WMPT cards"". With standard required from ZAIN and Huawei.,Knowledge of Mat lab, C++.,Highly proficient at Access, Excel, Word & Power point."
71,796369,YARMOUK,ELECTRICAL ENGINEERING,"ARABIC: NATIVE,ENGLISH: ADVANCED","Teamwork and Team leadership Superior communication skills Time Management,MS office professional GAIA, DEWAN and AMS systems Google Earth and GIS APPS Problem Solving"
72,514722,Yarmouk University,Communication Engineering,Very Good in English & fluent in Arabic which is my mother tongue language,"Excellent Experience in IP Addressing.,Excellent knowledge in Cabling.,Managing & Configuring Cisco Routers (1700 / 2521/2860/5000) Series.,Managing & Configuring Cisco Switches (2960/3500) Series,Configuring VPN Links.,Configuring Broadband Routers.,Configuring WAN Links such as (DSL / Frame Relay / ISDN/Y-MAX),Configuring & Securing Wireless LANs.,Publishing Local Services.,Managing & Configuring Wireless Technologies (A/B/G/N).,Configuring & Managing Networks running Windows Server 2008/2012 Domains.,Managing NAS (Network Attached Storage).,Overview on MS Exchange Server.,Managing Hosting Accounts and Domain Names.,Managing & Configuring Firewalls such as (ISA Server 2004 / 2006).,Building Network Documentation Documents.,Building User Manuals & Help Tools.,Excellent Knowledge in Computer Hardware / Software.,Very Good in Troubleshooting Problems.,Excellent in Managing Microsoft Operating Systems (7, 8, 10).,Very Good in using the Microsoft Office 2007/2010,Basics of using Apple Mac & Linux PCs.,Self-Motivated.,Excellent in Managing Time.,Very Good Management Skills.,Excellent Presentation Skills.,Good in Team Working.,Works under very high levels of pressure.,Very Good Experience in writing Business Letters, Offers & Proposals in both English & Arabic languages."
73,808356,Applied Science Private University,Electrical Engineering/Communication & Computer,"Arabic:,English:",MATLAB Assembly Arduino AutoCAD C++ Java Microsoft Office
74,785948,Al-Ahliyya Amman University,Networking and Information Security,"Arabic, Mother tongue.,English, very good writing and speaking.","Qualified in CCNA and CCNP Security.,Able to use Splunk SIEM Solutions.,Proficient in using more than one operating system.,Knowledge in more than one programming language.,Organize a workshop on Eve_Ng Network Emulator.,Organize a workshop on Virtualization.,Participated in the universitys open day event."
75,517110,Unknown,Unknown,"Arabic,Engilsh","Communication Skills,Team Work,Hard Work,Problem Solving,Time Management,Using Time Effectively"
76,799868,AL-BALQAA APPLID UNIVERSITY - IRBID,Computer Networking And Telecommunications,Unknown,"C++ TCP/IP, Vtp, VLAN, VMware. Routing & Switching SQL CCNA PMP Fiber To The Home (FTTH) activation & technician Fiber To The Building (FTTB) activation & technician. Voice Over Internet Protocol (VoIP) activation. Oracle Software"
77,809759,AL-BALQAA APPLID UNIVERSITY - IRBID,Computer Networking And Telecommunications,Unknown,"C++ Excellent,SQL Excellent,CCNA Excellent,PMP Very Good"
78,755378,Al-Balqa Applied University/Faculty of Engineering Technology,Computer System and Network Engineering,"Arabic (Mother Language),English (Good Writing, Reading and Speaking)","Work under pressure,Work with team. and interpersonal Skills,Effective Communication,Fast leaner."
79,530471,Princess Sumaya University for Technology,Communication Engineering,"Arabic (Native) | written and speaking.,English (Very good)| written and speaking.","Fortinet and Forti-products: FG, fortiAP, etc.,Veeam backup solutions.,Kaspersky.,Digital marketing and IT Solutions.,Wireless Typologies.,Cisco Systems Products: WLC, AP, Switches, Prime Networking and troubleshooting.,Telecommunications."
80,800319,"Really Great University,Really Great University",BA in Information and cyber security,Unknown,"Project Management,Problem Solving,HTML, CSS,,Java, Python,c++,c#,Sql,"
81,825646,The Hashemite University,computer information systems,"Arabic,English","patience, ambition, working,under pressure and keeping pace With technology constantly.,Assisting clients with their inquiries and questions related to the field of work,Format for computers of all kinds that support Windows,Training customers to use point of sale (POS) software,Adjust program settings to suit customer needs,Computer maintenance, including dismantling and replacing screens, hard drives, and RAM,Maintenance for printers, including changing the head and cutter,Define and change the IP of the devices and between them to connect them with each other,Download all necessary programs for customers to keep in touch with us and the system,Web Design languages:,Programming languages: SQL PHP, HTML, CSS,LAN & WAN ? Prezi,Microsoft Office,Quality Control,Teamwork ? Quick Learner,Communication Skills,Problem Solving"
82,438407,Al-Balqa Applied University/Faculty of Engineering,Computer Engineering,"Arabic (Native),English (Very good)","Confidence, team leadership, team work, social person Ambitious and adaptable to any situation for the job interested Attention to detail, good listener to advice and ideas Responsible, self-learning, hardworking, reliable and able to work hard under pressure"
83,755404,Amman Al-Ahlya University,network and information security,"Arabic: Native Speaker,English: Reading (Excellent), Speaking (Excellent), and Writing (Excellent)","A hard working technical professional.,Excellent problem solving skills.,Ability to prioritize and complete tasks in a timely manner.,Ability to work under pressure and handle multi tasks.,Ability to work well within a team.,Critical thinking and flexible and coordination skills.,Excellent communication skills.,Microsoft windows, Microsoft office ( word, excel.....etc)"
84,695462,Mutah University,Computer Science,"ARABIC,ENGLISH","Building and control panels? PIC - Duration (30),Computer skills and data entry - Duration (30),Digital image processing by MATLAB - Duration (30),Communication skills at work - Duration (30),Microsoft Office Skills.,Ability to work under pressure.,Working as part of a team,Ability to adapt to new environments,Development and programming of Android applications using languages (java/kotlin)"
85,619692,Tafila Technical University,Electronics and Communications Engineering,"Arabic: Native,English: Very good written and spoken","NOC engineer with +4 years of experience in technical support and customer service, Outgoing and detail-oriented, proficient at building and maintaining professional relationships."
86,803704,Al-Balqa Applied University Collega of Engineering,Electrical Power Engineering,"Arabic: Native Language.,? English: Very well in speaking, writing and reading.","PV Project Engineer.,PV Design Engineer.,Sales Engineer.,Installation of PV Systems.,PV Systems Testing and commissioning.,Dealing with the commissioing problems and find appropriate solutions.,Calibration of Monitoring and testing electrical devices and weather station sensors."
87,817822,"Balqa Applied University, Engineering Technology College",Communications and Electrical Engineering,"Arabic Mother Tongue -,English - Proficiently in Reading, Speaking and Writing",Autocad
88,754894,AL-BALQA APPLIED UNIVERSITY,B.SC. COMPUTER ENGINEERING,"Arabic :Excellent,English :Excellent","proficient in Microsoft Word and PowerPoint.,Computer and technology knowledge.,Knowledge in AutoCAD.,Programming languages: C++,Assembly.,Very good in OOP and data structure.,Oracle Data base Knowledge :SQL.,Knowledge in networks: CCNA course."
89,696224,Al-Balqa applied university -,Mechanical Engineering,"Arabic,English","Extremely eager on learning new skills and experience,Strong interest in new technologies and how they function,Excellent analytical and communication skills"
90,403515,"Mutah University,lakan AlMaliah",Communication and networking Engineer,"Arabic Native Language,English - Good speaking - Excellent writing and reading","Microsoft Windows Servers (2003, 2008, 2012, 2016) installation and configuration, Microsoft cluster services administration and configuration, Microsoft Windows XP, 7, 8.1,10 client installation and configuration. Microsoft Exchange server 2013 administration and configuration. Microsoft Domain Controller (2003, 2012) administration and configuration including: Active directory, DNS, DHCP. Manage all Hyper-v servers. Citrix System. Microsoft files and print server administration and configuration. Anti-virus Server administration and configuration. LAN Knowledge, Networking Knowledge, Network Hardware Configuration, Network Maintenance, Network Performance Tuning. Basic of Linux and UNIX system. Backup Systems. Helpdesk system built on ITIL Standard. DVR & Cameras Configurations CCTV Finger print systems. Power Generator and UPS systems.,Customers assistance,Quick learner,Complex proplem solver,Wide knowledge in computer software installing,Work under pressure,Innovative"
91,820888,"Balqaa applied university,AL-Balqa Applied University",Computer Systems and Networks Engineer,"ARABIC,ENGLISH","Hardworking,Work with team Work under pressure Communications skills"
92,773948,"Yarmouk University,","Communication Engineering,",Unknown,"Engaged with Cisco Technologies for networking hardware, and services. Managed Cisco configuration tool ""CCW"" and outlined designs according to client needs. Open Deals and get the Vendor discount. Solution design activates. Customer, vendor, and Distributor Engagements and negotiation skills. Help customers in preparing RFP, build the budget that meet their requirements.,good technical and Networking skills,Communication skills,Problem Solving skills,Ability to work as a team,Sales skills,Clients and vendors facing skills,Negotiation skills"
93,819910,Khulna University of Engineering and Technology (KUET).,Electrical and Electronic Engineering,"Bengali,English","IGP: Extensive hands-on working and troubleshooting experiences in OSPFv2 (Multi area, Multi process, virtual link, Sham link, LSA, route summarization, reference bandwidth, route filtering), IS-IS (Multi Level, Multi Instance, CLNS address, route filtering), OSPFv3, EIGRP & RIP. BGP: iBGP & eBGP configuration & troubleshooting. Different BGP attributes (Weight, Local Preference, MED, AS path pre-pending, Community etc) to manipulate best path selection process. Hierarchal Route reflector (RR) design for BGP route propagation.,Clear understanding on MPLS header and labels (transport label, VPN label). Signaling protocol: LDP, RSVP, BGP-LU configuration and trouble shooting. MP-BGP configuration& troubleshooting. VPN services: L3-VPN within the Autonomous System and between two Autonomous systems, L2ckt, L2VPN, VPLS, SATOP for TDM services. Protection: FRR (Node/Link protection), explicit MPLS LSP, R-LFA, LFA, BFD. Have understanding on Segment Routing.,VLAN (801.Q), QinQ (802.ad), Private VLAN, LACP (802.3ad), VTP, QoS (802.1P). Protection: STP (PVSTP, PVSTP+), RSTP, MSTP, ERP. Security: CAM table protect, Different STP/RSTP security, DHCP snooping, VLAN hopping attack & port security.,Hands-on working experience on Juniper SRX and Cisco ASA firewall. Security zones, Zone based policy, NAT & Port forwarding. Virtual firewall configuration and troubleshooting. Web filtering and Anti-Virus gateway. Site to Site IPSec VPN & Remote access VPN configuration and troubleshooting.,VRRP, HSRP & GLBP protocols configuring and troubleshooting experience.,Firewall Active/Standby failover configuring and troubleshooting experience.,PTP sync design.,Boundary clock, transparent clock and ordinary clock.,PTP related Datacom device configuration.,PTP over IP and PTP over Ethernet."
94,411693,Damascus University - Syria,Unknown,"English,Arabic,German","SQL Querying, and Optimizing.,Task Automation using Python scripts.,Windows Server and Virtual Machines management.,Network & Firewalls Management.,Full-Stack Web Development.,VOIP Server Administration.,Python,MS SQL Server,Web Development,Visual Basic for Applications,MS Office Suite,Databases and SQL for Data Science, IBM.,Python Development Course.,Google IT Automation with Python.,CCNA Switching and Routing.,Web Development Bootcamp."
95,550445,Zarqa University - Faculty of Information Technology,Information Technology in Computer Information System (CIS),Native English,"Microsoft Office - Outlook - Problem Solving - Team Work - Work under pressure,Image Editing Adobe Photoshop,Product Advertising Magento"
96,818903,"German Jordanian University (GJU), Amman, Jordan,Magdeburg-Stendal University of Applied Sciences, Magdeburg, Germany",Energy Engineering,"Arabic,English,German","Design of PV projects using SolarEdge and KWIX,Conducting renewable energy and energy efficiency studies,Support in energy audit,MS-Office,AutoCad,MATLAB,PSIM,Ltspice,PVSYST,DIAlux,SolarEdge,KWIX,SketchUp"
97,676130,(Balqa Applied University),Communication technology engineering Bachelor Degree,"Arabic,English","I got the CCNA course in PSUT University,I got the ICDL certificate.,I got an Arduino course certificate,Excellent in computer application,Good interpersonal skills and communication.,I trained in the Greater Amman Municipality / Wireless Communications Department"
98,599229,"Al Balqaa Applied University, Faculty of Engineering Technology",Computer Systems and Networking Engineering,"Arabic (native),English (very good)","Configure switches and end devices to provide access to local and remote network resources. Configure routers to enable end-to-end connectivity between remote devices. Configure VLANs and Inter-VLAN routing applying security best practices. Configure redundancy on a switched network using STP and EtherChannel. Configure WLANs using a WLC and L2 security best practices. Configure IPv4 and IPv6 statice and dynamic routing on routers.,Dedication,Fast learner,Effective leadership skills"
99,823212,"The University of Jordan,",Computer Science,Unknown,"Wan routing protocols: OSPF, EIGRP, BGP and RIP. Wan technologies: MPLS, VPN, DMVPN. And NAT. LAN technologies: STP, PVST, Ether-Channel, ARP and DHCP. LAN redundancy VRRP and HSRP. Experience in all switches models (2960, 3560, 3750, 3850,3650, 4500, 6500,9500,9300,9200) and Supervisor (1, 1a, 2, 32, 720, RSP720, Sup2t, Sup6t). Experience in all SDWAN technologies like OMP, cloud-on ramp, DIA, and all transport and service level. Troubleshooting and implementing SDWAN controllers (vManage, vBond, vSmart). Experience with all edges model (vedge 100, vedge 1000, vedge 2000, vedge 5000, vedge cloud ISR1100, ISR4000, CSR 1000v). Experience in certification installation on all modes. Experience in centralized policy, localized policy and templates. Worked on multiple projects to implement sdwan solution form scratch. Experience in vmanage neo4j, cluster and Disaster recovery."
100,819117,"AL-Hussein Bin Talal University,",Electrical Engineering,"English,Arabic","Adapts well to changing processes and very eager to contribute to your company,Advanced English and Arabic skills in both, speaking and writing. Excellent computer skills.,Responsible for sales, dealing with customers and supplies."
101,754928,Al-Ahliyya Amman University,Networking and Information Security,"Arabic,English","Ethical Hacking Advanced Internet Protocols Networks Management Information Security Networks Programming Digital Forensics Encryption Theory Cloud Computing & Security Wireless Networks & Security,Thorough knowledge and understanding of TCP/IP protocol, OSPF, RIP, EIGRP, BGP NAT DHCP, DNS, DHCP Relay Agent, IPv4, IPV6, VPN, ACL, MPLS, LDAP, Kerberos, RADIUS, TACACS+, IGMP, ICMP, Subnetting, VLSM. Securing threats and vulnerabilities of networks, Ability to secure the system from hackers. Knowledge of common scanning tools such as Tenable Nessus and Nmap Firm. Strong cyber security, computer networking, operating system and desktop skills. Technical Support Professional in Computer Software and Hardware maintenance, Technical support Windows 7, Windows 8 Active directory, Windows 10, Windows Server 2016, Linux, Linux system Commands."
102,805300,University Of Jordan,B.A. IN ELECTRICAL ENGINEERING,"Arabic,English","Electrical contracting Experience in the field of home engineering installations and reading plans and home checks from problems of home consumption and its causes.,C++ PROGRAMMING NETWORK EMBEDDED SYSTEMS AUTOCAD MATLAB MICROSOFT OFFICE . ARDUINO,Good Communication Written Oral.,Problem Solver,Corporative With A Leader Personality,Good Team Worker,Excellent Conceptual And Analytical.,Good Team Worker,Quick Learner,Strategic Planning"
103,818619,Tafila Technical University - Faculty of Engineering.,Electrical Power & Machine Engineering,"Arabic: Mather Tongue,English: Good in Speaking and Writing","AUTOCAD.,Excellent in Microsoft Office Tools.,MATLAB (Simulink) [Self-learning] .,PLC Programming with SIMATIC STEP7.,Excellent Communication & Presentation Skills,Enjoy The Team Spirit and Great Ability To Work in a Team,Ability to Learn Quickly & Meet Deadlines,Hard Worker & Take Responsibility"
104,418938,Yarmouk University,Electrical Engineering,"Arabic,English","Autocad,MATLAB,Microsoft office,Driving license,Pyhton,C++,Self-learning using available resources,Very Good verbal and written communication skills in English,Ability to Work Under Pressure,Excellent troubleshooter,The ability to handle multiple issues in the most effective way"
105,735545,Al-Balqa Applied University (BAU),Software Engineering,Unknown,"Excellent MS-office command Exceptional communication and networking skills Successful working in a team environment, as well as independently The ability to work under pressure and multi-task The ability to follow instructions and deliver quality results Computer programming"
106,820999,"Mutah University,,Al-Hasania Secondary School",Electrical Engineering - Communications,English ?,"An active listener,Can work well on own initiative.,Reliable and able to work hard under pressure.,Able to take leadership appropriately.,Microsoft Excel,Microsoft Word,AutoCAD"
107,816925,Jordan University of Science and Technology (JUST),Network Engineering and Security,"Arabic,English","Packet tracer, Wireshark, Nmap, Snort,Windows, Linux,Python, c/c++, html/CSS,DNS, DHCP, TCP, UDP, RIP, OSPF, HTTP. Etc,Quick Learn,Self-Management,Teamwork,Confidence,Flexibility,Hard Work,Problem Solving"
108,818847,"Yarmouk University,Hashemite University","Wireless Communication Engineering.,Electrical and Computer Engineering.","Arabic | Mother tongue.,English | Very good.","Computer and programming skills Lego EV3 and robotics design MATLB and Python softwares Arduino programming. Familiar with LABVIEW Microsoft Visual Studio, Word, Excel, Visio and Power Point. Good using Cisco Packet Tracer and GNS 3. Very good experience in hardware and maintenance for PCs and printers, (A+ course). Excellent communication skills. Can work under pressure. Strong Management & Planning Skills. Initiative, motivated and target oriented. Ability of quick learning and adapting. Working either individually or in team works."
109,707869,Yarmouk University,Communication Engineering,"Arabic,English","Computer Science (Word, Excel,...),Communication Skills Team Worker,Problem Solver,Work under pressure,Time management,Multitasking,Statistical Analysis,Critical Thinking,Quality Standards,C++,Python,Matlab"
110,581885,Unknown,Telecommunication Technology Engineering,"Arabic: Native Language,English: Very Good","Team work,Communication skills,Team Leader,Team Building,Time Management,Always develops myself,Multi-task,Handling Pressure,Telecommunication knowledge,Networking knowledge,Computer skills,Microsoft Office Programs,Research Abilities,Teaching,Management the Social Media pages"
111,737934,Jordan University of Science and Technology,Network Engineering and Security,Unknown,"Security Technology Software LANS,C++/C Wireshark Packet tracer Android studio,Network systems installation Data backups Network security oversight Network repairs and maintenance Analysis. Effective communication Hardware knowledge System upgrades"
112,687787,YARMOUK University,"Communication Engineering,","German,Arabic: Native,,English: Fluent,,German: Level B1","WORK UNDER PRESSURE,C++, MATLAB, AUTOCAD,SOLUTION PROVIDING,TIME MANAGEMENT,TEAM WORKING,MICROSOFT OFFICE,COMMUNICATION"
113,800922,Al Balqa Applied University/2021,Computer Systems & Networks Engineering,"ARABIC NATIVE,ENGLISH","Networking.,Troubleshooting.,Security.,Monoitoring.,Linux OS.,Fast learner.,Team work,Virtualization."
114,764662,Al-Hussein Technical University (HTU),Electrical Engineering,"Arabic,English","Microsoft Tools,Performance Monitoring,Project Mangment,AutoCAD"
115,730978,Yarmouk University,Electronics Engineering,"Arabic,English","Strong knowledge of CCNA skills,PIC C language level(4),C++ Language level(5),Lt spice simulation level(4),PROTEUS simulation level (4),Multisem simulation level (4),Microsoft level (4),PCB designer level (3),Arduino language level (4),TCP/IP and IPv6,Packet Tracer simulation,GNS3 Emulators"
116,435349,"University of Jordan,Al-Hussein Technical University",Computer Engineering,"Arabic,English","Kali Linux,C++,SQL,C#,OOP,Web Page Design,MVC,MsOffice,Hard Worker,Flexibility,Quick learner,Time Management,Teamwork,Leadership"
117,419778,The Hashemite University,Computer Information Systems,"Arabic,English","Problem solving,Troubleshooting,CISCO Systems products,Unified computing systems,CCNA,Routing,Network Fundementals,CISCO IOS,A+,Switching"
118,422569,Al-Balqa Applied University /Al-Husson University College,Communication and Software Engineering,"Arabic (Mother Language),English (Good Writing, Reading, and Speaking)","Ability to communicate and interact withothers.,Ability to work under pressure.,Ability to persuade and negotiate.,Analysis and problem solvingskills.,Creative and openness for innovationand capability to implement bestpractices.,Data Analysis.,Resource Management.,Excellent command of Englishlanguage."
119,550389,"Tafilah Technical University (TTU), Tafilah-Jordan,Jubilee school, Amman-Jordan",electrical power engineering,"Arabic-Fluent,English-IELTS score 5.5(B2 Level)","Using Microsoft Office programs,MATLAB,AUTOCAD,Making calculation on electric circuits,Negotiation,Ability to Judgment and Decision Making,Time Management,Work under pressure"
120,817660,Philadelphia University,Electrical Engineering,"Arabic Native,English: Good","(PLC),AutoCAD,Microsoft office,Communication Skills & Teamwork.,Self-motivated and confident in working independently and as a team member.,Strong attention to details.,Personal Effectiveness & Time Management . Leadership Skills.,Flexibility"
121,741627,The Hashemite University,Mechanical Engineer,Unknown,"Microsoft office (excel, power point, word),IELTS Certificate (For English level),Adapt to a fast working environment,Analytical and communication skills,Certify of Presenting Social TV Programs from International Academy of Arts, Media and Creativity (IAAMC),Good knowledge in Cisco Certified Network Associate (CCNA) and Networking (self-study) and I am ready to take the exam (CCNA 200-301)."
122,544279,Al-Balqa Applied University / Faculty of Engineering,Network Engineering,"English Good.,Arabic Mother Tongue.","Data Analytics, and Visualization.,Database, and Data Preparation.,Research, and Self Learning Skills.,Analytical Skills.,CCNA"
123,818024,Hashemite University,BSc in Computer Science,"Arabic language,English language","Network Troubleshooting,Computer Skills knowledge such as Microsoft office,A good knowledge in pc Hardware component and troubleshoot problem,Ability to Work in a Team,Customer Service support"
124,811563,Jordan University of Science and Technology,Network Engineering and Security,"Arabic,English","C/C++, Python,Linux, Windows,Software (Packet tracer, Wireshark, Snort, Nmap),TCP/IP model, and its core protocols: (OSPF, DNS, SNMP, HTTP, etc.),Schematic & PCB Design,Problem Solving,Flexibility,Research,Leadership,Confidence"
125,808544,"(Bau) Balqa Applied University, Faquly Of Engineering",Electrical Engineering/Power,"Arabic: Mother Tongue,English: Excellent","MATLAB Electrical Engineering,Sketch-Up,Microsoft Office.,Multisim"
126,638893,AL-ALBAYT UNIVERSITY,COMPUTER SCIENCE,"ARABIC : NATIVE LANGUAGE.,ENGLISH: VERY GOOD COMMAND IN SPEAKING AND READING AND WRITING.","GOOD TIME MANAGEMENT,IWORK UNDER PRESSURE.,I LEARN QUICKLY.,TEAM WORK.,SALES & MARKETING.,CONTENT MODERATOR.,USING MICROSOFT OFFICE,ELECTRICAL APPLIANCE REPAIR."
127,612696,Unknown,Telecommunications Engineering,"Arabic,English,Chinese (Beginner)","2G, 3G, 4G, 5G Architecture IP Networking & Tools Troubleshooting Cloud Computing Big Data Tools MATLAB Multisim Python MS Tools"
128,753801,"The Hashmite University,",COMPUTER SCIENCE AND APPLICATIONS,"Arabic (Native), English (Fluent).","Fast Learning. Future Focused. Creativity and Critical Thinking. Problem-solving.,Programming: Python, Java, JavaScript, C++. Software: Photoshop, illustrator, After Effects, premiere, Vegas. 85+ WPM."
129,760255,Zarqa Private University,software engineering,"Arabic,English,Deutsch","Communication Skills.,Strong Networking skills, High ability to build and sustain relationships.,Good Interpersonal Skills.,Leadership & Good Team Working Skills.,Enthusiastic.,Creative.,Competent user of : Microsoft Office tools (Microsoft Word, Excel, Power Point & Access).,Familiar with photoshop CC2016.,Internet & the Emails writing skills.,java,C#,MYSQL,HTML, CSS, JavaScript, JQuery, JSON & BootStrap,Manage Activitie Directory."
130,754844,Jadara University,Software engineering,"Arabic, Native,English, Very Good","Microsoft office, very Good,C#, Very Good,Network, Very Good,java, Good,C++, Good"
131,819459,University of Jordan / Faculty of Engineering,Mechatronics Engineering,"Arabic,English","Electrical and Mechanical Maintenance Operating.,Computer Maintenance,AUTOCAD,MATLAB,MS Office,Proteus 8 Professional,CNC Simulator Pro,MPLAB IDE v8.92,Logix Pro,Hard Working.,Team Worker.,Effective Communication and Interpersonal Skills.,Able to grasp new concepts quickly and efficiently.,Adaptable,Flexible -- Willing to try new things, adapting with different work conditions and projects requirements while improving efficiency on assigned tasks..,Excellent verbal and written communication skill"
132,756772,Jarash University,Computer Networking,"Arabic,English","Skilled multitasker,Maintenance and repairs,FAQ updating,Network support,Overcoming problems or issues,Self-motivated,Well organized,Strong verbal communication,Process implementation,Microsoft Office"
133,825694,Yarmouk University,Electrical Power Engineering,"Arabic: Native,English: Good","Data entry,Self-Learning,Public Speaking,customer service,Dealing with customers,Hard Worke,Teamwork"
134,825697,"Jordan University of Science and Technology,","Electrical Engineer,Electrical Engineering/power and control","Arabic,English","Working knowledge of programming language C++.,Highly proficient at Access, Excel, Word & PowerPoint. Knowledge of AutoCAD,Matlab,Arduino,Developed ability to produce reports and presentations to a professional standard.,Proficient in assessing data and formulating solutions.,Effective at time management and prioritizing tasks to achieve deadlines.,Strong team working, leadership and communication skills.,Conversational Arabic (native speaker) and English (very good)"
135,407823,University-jordan.,Engineering of Communication and Electronic,Native Arabic and Fluent English (Spoken & Written).,"Technical skills The OSI & TCP/IP models, Frame Relay, MPLS. Cisco router and switch. IP Addressing, subnetting, Acls, VLAN, NAT, PAT. Network connectivity troubleshooting ping, tracert, telnet. TCP/IP Protocol: DNS, SMTP, DHCP, HTTP, FTP, SNMP, TCP, UDP,IP, ARP, ICMP. Routing protocol: RIP v1/v2, IGRP,EIGRP, BGP, OSPF. Wirshark, GNS3, Packet Tracer, troubleshooting Microsoft Office (outlook, excel, word). Security: Firewall, DMZ, IPM, IDM, VRRP, HSPR, GLBP F-Secure end point security solution. VPN IPSec, SSL, L2tp, PPTP. Wifi technologies.802.11/WLAN technology. Voice Over IP (VoIP) Technology. CCTV System. UCaas Technology. Active Directory. Cisco ISE. Analytics and Troubleshooting. Interpersonal skills ?Microsoft office utilities (excel, word, access and power point).,Good communication skills. Team work oriented Ability to work under pressure. Self-learning skills Familiar with all computerized system and prepare computer."
136,745339,"ALBALQAA APPLIED UNIVERSITY, FACULTY OF ENGINEERING",electrical power engineering,Unknown,"Proficient in finding and resolving malfunctions, using exceptional technical and communication skills.,Ability to express technical concepts clearly where appropriate.,An effective communicator with excellent interpersonal, logical thinking & analytical abilities.,Excellent communication skills.,Professional attitude towards work.,ICDL,MATLAB,MULTI SIM,AUTO-CAD,ELECTRICAL,INSTALLATION,DIAGRAM,HOME,INSTALLATIONS"
137,414619,Alzaytoonah University Of University,Computer and Communications Engineering,English,"Computer Networks (CCNA) use Packet tracer and Wireshark,Participated in lunching Alzytoonah IEEE branch which expanded my communication skills Expanded my programming skills and computer network written and verbal communication knowledge while using different open source platforms such as (udemy, coursera, edx and netacad)"
138,809447,University of Jordan,Electrical Engineering/General,"Arabic,English","Excellent knowledge: RAN, Core Network, CCNA, Fiber Optics, Mobile Technologies (GSM, 3G, 4G), Cloud Computing, Antennas, Digital Communication.,Entry Level Experience: Linux, Cisco UCS C-Series Server, Nexus 9k Switches, Cisco devices configuration.,Programming: C++, Assembly, MATLAB, Verilog HDL.,Software: Microsoft (Office, Excel), HFSS, Atoll, Multisim, AutoCAD, SketchUp, HOMER, PVsyst.,Communication, Self-Learning, Fast-Learning."
139,823612,Yarmouk University,Communications Engineering,"Arabic (Native speaker),English (Good)",Good Knowledge in Data structure and algorithms (C++) Good Knowledge in MATLAB Word/Excel/ LATTEX / Circuit Maker Effective Communication Problem solving Excellent team worker Fast learning High stamina to work under pressure
140,809171,Al Ain University,COMPUTER ENGINEERING,"Arabic,English","Database 90%,CISCO Switches Configuration 80%,Operating Systems 95%,Microsoft Vitual Studio 100%,Microsoft Office 100%,Computer Graphics 100%,Photoshop 70%"
141,824441,University of Jordan,Mechatronics Engineering,"Arabic | Native language |,English | very good |","Quick learner.,Hard worker.,Good Communication skills.,Good Teamwork skills.,Able to work under pressure.,Eager to learn new things.,MS Office,Auto CAD,MATLAB,Electronics Circuits Simulation,CNC software"
142,699796,Eastern Mediterranean University,"ELECTRICAL & ELECTRONIC ENGINEERING,Electrical and Electronics Engineering","Arabic,English,Turkish","Customer Relations,Team Player,Time Management,Problem Solving,Fast Learner,Self-Motivated,Project Planning,Strong diagnostic skills with electronics and X-RAY devices,Software Installation,Electrical Wiring,Electronics soldering,Devices installations,C Language,Microsoft Word,Microsoft PowerPoint,Python,Perfect Field services and devices installation,Public Speaking,Presentation Skills,Self-Confident,Product advertising skills,Open to new techs and fast learner.,Employee training"
143,577820,Al-Balqa Applied University,Network and Computer Engineering,Unknown,Unknown
144,505351,Yarmouk University,Communications Engineering,"Arabic (Mother language).,English (good speaking, writing and reading).","configure VoIP networks,install and configure TeleFinity call center,,call recording, IVR and billing systems.,recommend VoIP solution for short, long range Projects.,Working on Windows server 2019 less,Provide documentation, training, and guidance for each project during handover matching physical environment.,monitor systems performance, software and hardware upgrades, backups, tracing problems and maintenance.,Analyze data and submit report by SQL.,Inter-price projects, Price order invoice,,Distribution of work teams, Mange teams,,Material handling issues, Coordination and communication with customers, Technical support,Manage data services MDS.,FTTH Project for orange company.,Acquisition and audit of electricity meters.,2G,3G Projects ZTE equipment at Umniah company.,Installation, Configuration, Mange team,,Tracking root service and Maintenance,,Technical support,Manage data services MDS.,Installation, Configuration, Team leader,Manage data services MDS,Microsoft Office,Strong team working and analytical thinking.,Leadership, strong personality and supervisory skills.,Ability to work under pressure and tight deadlines."
145,759737,INTERNATIONAL UNIVERSITY MALAYSIA,COMPUTER SCIENCE,Unknown,"Data centers, presales, solution, design for enterprise, wholesale, cooperate customers,Networking, Network security,wireless technologies, Customer Design, cloud computing solutions, Telco Solutions.,LTE, 3G/4G/2G, RF planning, GSM, data roaming.,Planning, Installing and troubleshooting Telecoms systems.,Vendor: Cisco, juniper, Checkpoint, Palo alto, Fortnite, Aviatrix, Azure, AWS"
146,805996,Al Balqa Applied University (College of Engineering Technology),Unknown,"Arabic -,English","Freelance programming and website development,Design in more than one programming language,Network Administration,Work under pressure,Computational Research & Development,Html/pythone,fast learner,skilled at network configuration, technical solution development and technical infrastructure migration,time management and clear communication,working with teams,adaptability,speaking with people from various backgrounds"
147,529328,"Jordan University of Science and Technology, Jordan,Jordan University of Science and Technology, Jordan","Electrical Engineering specializing in Power,Electrical Engineering specializing in","English,Arabic","Able to think in mathematical and abstract terms,Knowledge of radio and microwave transmissions,Knowledge of Cisco routers and switches and LAN and WAN,Hands on building/engineering experience with IP based WANS, LANs, transport hardware and software,Experience with BGP, OSPF, IS-IS, and MPLS Routing protocols,Knowledge of Cisco SD-WAN,Familiar with M2000 program and WiMAX network,understanding of all OSI layers from application to physical,Familiar with MATLAB/Simulink, Microsoft visual C++,Programming of PIC microcontrollers in assembly language and C language,Computer skills: C++, MATLB/Simulink, AutoCAD, and MS-Office,Power system: power system analysis, contingency analysis, optimal power flow, economic dispatch, and unit commitment Renewable energy: solar energy system with two types including off grid and on grid, PV cell, and Maximum Power Point Tracking."
148,561194,Mutah University,Electrical Engineering,"Arabic,English","Communication Skills,Strong under pressure,Quick learner,Customer service,Goal oriented,Computer applications,Attention to details"
149,727642,"Al Balqa Applied University,",Power Electrical Engineering,"Arabic - Native language,English - very good","Preparing for International Software Testing Qualifications Board (ISTQB) Certification.,Classic Control and Programmable Logic Control (PLC).,Design of Solar Energy System.,Design and Implementation of Electrical Systems for Facilities.,E-tap workshop.,Microsoft Excel (Online course).,Microsoft Office Programs / Auto-Cad / Matlap / Dialux / Ecodial / Sketch-Up / PVsys / PLC LOGO.,Flexible person with the ability to work under pressure.,Engineering sense.,Communication.,Fast learner.,Teamwork.,Leadership."
150,821434,"University Of Jordan - Jordan, Amman",Electrical Engineering,"Arabic,English","Communication skills,Professional Documentation,Engineering Application Tools,. Ability to troubleshoot Wireless network issues with cisco Wireless devices.,Troubleshooting Wireless Network Issues,Cisco equipment familiarity,SDA fabric, and DNA,switching, routing, and security protocols,Mentor for new Engineers on the Wireless Team"
151,755528,"Mirpur University of Science & Technology,Corvit Systems Islamabad",Computer Systems Engineering,Unknown,"Deep understandings of Routing, Switching and MPLS Technologies with holding Expert Level certification.,Excellent in pressure tackling and working in under pressure environment,Highly Skilled, Motivated with positive working attitude Professional. Always keen to learn new technologies.,Routing Technologies: Hands on experience on 3isys (CS-5500/4900/5900 series), Cisco Nexus (9K),Juniper Qfx (10K,5K) series MPLS Technology MPLS LDP MPLS RSVP TE L3VP L2VPN(VPLS) Inter-As option,Switching and Bridging: VLANs, Inter-VLAN Routing and VLAN Trunking Protocol (VTP) First Hop Redundancy Protocols - HSRP, VRRP and GLBP Virtual Switch System (VSS)/Virtual Port-channel (VPC)/ Multi chassis Link-aggregation (MC-LAG) Link Aggregation Control Protocol (LACP) QINQ/dot1q encapsulations. Spanning Tree Protocol (STP) and its variants(RSTP and MSTP"
152,754684,"Al-Balqa Applied University,AS-Salt Secondary School",computer engineering,"Arabic,English","C++,Python,Networks,Arduino,MS office,Time manegment,Creative,Organized,Teamwork"
153,692655,Al-Balqa Applied University / Faculty of Engineering,Communication Engineering,"Arabic Mother Tongue.,English - Very Good","Simplicity & Perfection,Hard worker,Work under pressure,Good communicator,Well time manager,Ability to work effectively with people with different levels"
154,551017,"Al Balqa Applied University,",Computer systems and Networks Engineering,Unknown,Unknown
155,755420,"from Faculty of Engineering Technology (Polytechnic) at 2006,from Banking and finance Science University at 2008 in Jordan",Computer Information System (CIS),"Arabic:,English:","IPv4 & IPv6 connectivity.,TCP/IP protocols.,LAN and WAN Management.,Cisco routers and switches.,Broadcasting and telecommunications knowledge.,Installing and configuring operating system, and virtualized environments.,Perform operating system maintenance,Good abilities to understand SQL oracle by self-studies.,Good Knowlagent to SQL server and database.,Computer maintenance (hardware/software).,Excellent skills using Microsoft Office tools, Word, Excel, PowerPoint, etc.,Communication skills.,Team Work and Self Study.,Fast learner, with high IQ and logical skills.,Ability to work under pressure and creative personal.,Ability to analyze problems and deploying solutions within the limits available.,Social, cooperative and flexible."
156,687158,"JUST,Al shrouk High school",Network Engineering and Security,"English (Proficiency),Arabic (Native Proficiency)","Wireshark,Wireless Designs,C, C++,Bash Script, Python,Installation Network,Network Security,Firewalls,Teamwork & Public speaking"
157,760055,Jadara university,COMMUNICATION AND COMPUTER ENGINEERING,"Arabic,English","Problem-solving and Experimentation.,Working effectively with team members or individually and work under pressure,Doing the work in a timely manner.,Attentive to details and accuracies."
158,755427,University of Jordan,Computer Information System,"Arabic,English","Fast learner,Take initiative,Fast Adapting with a working Environment,Take responsibility,Team working"
159,818764,Unknown,electrical engineering,"English - intermediate,Arabic-native","Arduino,Communication / good,Electrical wiring,E-Marketing/Intermediate,Matlab,Self-motivation / Intermediate,Computer Skills / word - power point,Digital Marketing"
160,581218,Al-Balqa Applied University | Faculty of Engineering Technology,NETWORK ENGINEERING,"Arabic Native,English Good","Configure Switches,Windows Server,Microsoft Hyper-V,Sophos XG Firewall,Wireless Access Point,Fibaro Smart Home,IP-Camera,IP-Telephone (Avaya-Mitel),Microsoft Office,Google Cloud Work Space"
161,802063,Al-Balqa Applied University,Telecommunication Engineer,"Arabic Native,English: Intermediate","Critical thinking,Decision making,Mathematical skills,AutoCAD software,Workshop drawing,labVIEW software,Microsoft office software"
162,804991,AL-Balqa Applied University,Telecommunication Engineer,"Arabic Native,English: very Good","Microsoft office: Word, Excel powerpoint,Nemo outdoor, Handy software Phu software,Keeping abreast of work developments. Teamwork Work under pressure"
163,816765,Unknown,Electronics Engineering,"English,Urdu","Communication skills,Network troubleshoots,LAN Technologies,Routing & Switching,WAN Technologies,Network design,Window Servers,Firewalls,Routing Protocols including OSPF, ISIS, BGP and MP-BGP.,Service Layer Protocols including BFD, VRRP, DNS, NTP and DHCP etc.,Working knowledge of MPLS, MPLS-TE, EVPN, VXLAN, SDN, SDWAN etc.,Installation, configuration and maintenance of Routers, Switches & Firewalls. (Cisco, Juniper, Huawei & Mikrotik etc.) Network monitoring, analysis tuning and Initialing response and troubleshooting of network NMS alerts Designing and Deployment of Site-to-Site VPNs i.e. GRE, IPsec and DMVPN etc. Technical documentation and Database management of corporate links. Coordination with technical Teams of client Organizations. Handling user technical complaints & problems and providing ultimate solutions Troubleshooting internet related issues and deal with customer directly. Dealing with technical queries and new connection requests and analyze complaints data by making technical reports. Timely resolve customer WIMAX, 3G/4G devices issues and ensure customer satisfaction. Hands on experience on Optical Fiber access technologies i.e. GPON & Metro Fiber Optical Fiber Transmission Troubleshooting using OTDR, Optical Power meter."
164,595544,"Al-Ahliyya Amman University AAU,Al-Jazeera Schools",Networking And Security Information,Unknown,Troubleshooting Presentation Windows Server Public Speaking Virtual Machines Operating System Team Work
165,807285,"AL-Balqaa Applied University,Yarmouk university",communication & software engineering,"Arabic: Mother tongue,English excellent (Speaking & Writing)","An Excellent communication experience in formal and informal mails with different nationalities customers.,A good experience to handle the work under pressure .,Presentation skills course,Good knowledge of MULTISIM.,good knowledge of MATLAB (image processing & simulink ).,Excellent knowledge of Windows & MS Offices.,good knowledge of AutoCAD 2D/3D.,Very good knowledge of Adobe Photoshop.,-very good knowledge in Illustrator,Strong communication skills.,Hard worker under pressure.,Highly practical.,Very fast leaner.,Team work spirit and co-operation."
166,817006,"Institut des Technologies et Sp?cialit?s Cocody,Institut des Technologies et Sp?cialit?s Cocody(ITES),,Coll?ge Catholique Saint Viateur dAbidjan",Network Engineering,"French Native Language,English : Intermediate","Commissioning and configuration of OLTs,Integration with others platforms,Technical Assistance and Troubleshooting,Customer trainings,Technical support for pilot sites tests,Students trainings,Supervision and evaluation,Mentoring of two trainees (for Six Months),Engineering Diploma validation preparation,Responsible for billing and payments.,Staff Management,Recruitment,Salary Payment,Trainee as Network field Technician,Responsible for billing and payments.,Staff Management,Recruitment,Salary Payment,Good knowledge of ITs Networks,Design,Entreprise Solutions,Troubles shooting,Good knowledge of Huaweis Network Environment,Devices skills,O.L.T.,Switches,Laying of fibers,Good knowledge of WIFI RUCKUS/UCOPIA solutions,Ruckus SmartZone SE Partner Assessment Certified,UCOPIA Pre-Sales Consolidation Certification,Basics skills on software and Web Development (Php ;Windev, ...)"
167,463199,Jordan university of science and technology,Network Engineering And Security.,"English,Arabic","Very Good communication - written and oral skills,Excellent conceptual and analytical skills,Effective interpersonal skills,Ability to work multiple tasks& meet deadlines.,Capable of creating technical engineering reports through effective data collection and analysis.,Capable handling with Linux .,Solving Technic problems.,Handling phone calls & e-mails.,Punctuality,Creativity,Ability to work under pressure.,Effective interpersonal skills"
168,818928,"Al-Ahliyya Amman University,Al-Salt High School, Jordan",electrical engineering,"Arabic - Native speaker,English - Very good","High skills in electrical control systems installation and repair.,Excellent grasp of electrical maintenance work practices and processes.,Excellent computer skills (Hardware and software),Strong knowledge of electrical distribution systems and medium voltage motors.,Team player.,Ability to quickly grasp new concepts,Strong knowledge of electrical maintenance work experience,AutoCAD.,MATLAB.,Dualux.,Ecodial.,. Microsoft office."
169,573209,AlBalqa Applied University/faculty of engineering technology,Computer Engineering,"Fluent English speaker,Native Arabic speaker","Networking,Public speaking,Social perceptiveness,Security,Multitasking,Task prioritization,Time management,Written communication,Technical guidance"
170,716323,Applied Science University,electrical engineering / communication & computer,"English,Arabic","Communication,Self-motivation,Decision Making,Very good using Microsoft office, Proteus 8 & MATLAB,Ability to work as a team member"
171,414378,"Philadelphia University,Jordan Telecommunication College",Communication and Electronic Engineering,"Arabic,English","Analysts skill,Work coordination,Leadership,Teamwork,Communication"
